continent,sources,superficie_km2,fuseau_horaire,code_iso2,code_iso3,langues_officielles,nom_en,capitale,nom_fr,monnaie,region,population
Asie,https://fr.wikipedia.org/wiki/Afghanistan ; https://fr.vikidia.org/wiki/Afghanistan ; https://www.worldometers.info/world-population/afghanistan-population/,652860,UTC+4:30,AF,AFG,"Dari, Pachto",Afghanistan,Kaboul,Afghanistan,Afghani (AFN),Asie du Sud,
Afrique,https://fr.wikipedia.org/wiki/Afrique_du_Sud ; https://www.diplomatie.gouv.fr/fr/information-par-pays/afrique-du-sud/presentation-de-l-afrique-du-sud ; https://www.lemoci.com/fiche-pays/afrique-du-sud/,1219912,UTC+2,ZA,ZAF,"11 langues officielles dont anglais, afrikaans, zoulou, xhosa, sotho...",South Africa,"Pretoria (administrative), Le Cap (législative), Bloemfontein (judiciaire)",Afrique du Sud,Rand sud-africain (ZAR),Afrique australe,
Europe,https://fr.wikipedia.org/wiki/Albanie ; https://www.universalis.fr/donnees-pays/pays/albanie/ ; https://www.terdav.com/guide-voyage/albanie/carte-identite,28748,UTC+1,AL,ALB,Albanais,Albania,Tirana,Albanie,Lek albanais (ALL),Europe du Sud-Est (Balkans),
Afrique,https://fr.wikipedia.org/wiki/Alg%C3%A9rie ; https://www.geographie.com/pays/algerie ; https://www.ambalgott.com/survol,2381741,UTC+1,DZ,DZA,"Arabe, Tamazight",Algeria,Alger,Algérie,Dinar algérien (DZD),Afrique du Nord,
Europe,https://en.wikipedia.org/wiki/Germany ; https://european-union.europa.eu/principles-countries-history/eu-countries/germany_en,357022,UTC+1,DE,DEU,Allemand,Germany,Berlin,Allemagne,Euro (EUR),Europe de l'Ouest,
Europe,https://fr.wikipedia.org/wiki/Andorre ; https://export.agence-adocc.com/fr/fiches-pays/andorre/introduction,468,UTC+1,AD,AND,Catalan,Andorra,Andorre-la-Vieille,Andorre,Euro (EUR),Europe du Sud (Pyrénées),
Afrique,https://fr.wikipedia.org/wiki/Angola ; https://www.universalis.fr/donnees-pays/pays/angola/ ; https://www.terdav.com/guide-voyage/angola/carte-identite,1246700,UTC+1,AO,AGO,Portugais,Angola,Luanda,Angola,Kwanza angolais (AOA),Afrique centrale,
Amérique,https://fr.wikipedia.org/wiki/Argentine ; https://www.universalis.fr/donnees-pays/pays/argentine/ ; https://www.terdav.com/guide-voyage/argentine/carte-identite,2780400,UTC-3,AR,ARG,Espagnol,Argentina,Buenos Aires,Argentine,Peso argentin (ARS),Amérique du Sud,
Asie,https://fr.wikipedia.org/wiki/Arm%C3%A9nie ; https://www.universalis.fr/donnees-pays/pays/armenie/ ; https://www.mfa.am/fr/overview,29740,UTC+4,AM,ARM,Arménien,Armenia,Erevan,Arménie,Dram arménien (AMD),Caucase,
Océanie,https://fr.wikipedia.org/wiki/Australie ; https://www.universalis.fr/donnees-pays/pays/australie/ ; https://oceanie.voyagetradition.fr/details-informations+generales+sur+l+australie-372,7741220,UTC+8 à UTC+11 selon région,AU,AUS,Anglais (de facto),Australia,Canberra,Australie,Dollar australien (AUD),Australasie,
Europe,https://www.voyagesconfidentiels.fr/informations-pratiques/autriche.html ; https://european-union.europa.eu/principles-countries-history/eu-countries/austria_fr ; https://mon-vie-via.businessfrance.fr/destinations/autriche,83879,UTC+1,AT,AUT,Allemand,Austria,Vienne,Autriche,Euro (EUR),Europe centrale,
Asie,https://fr.wikipedia.org/wiki/Azerba%C3%AFdjan ; https://www.universalis.fr/donnees-pays/pays/azerbaidjan/,86600,UTC+4,AZ,AZE,Azéri,Azerbaijan,Bakou,Azerbaïdjan,Manat azerbaïdjanais (AZN),Caucase,
Amérique,https://fr.wikipedia.org/wiki/Bahamas ; https://www.diplomatie.gouv.fr/fr/information-par-pays/bahamas/presentation-des-bahamas ; https://export.agence-adocc.com/fr/fiches-pays/bahamas/introduction,13880,UTC-5,BS,BHS,Anglais,Bahamas,Nassau,Bahamas,Dollar bahamien (BSD),Caraïbes,
Asie,https://fr.wikipedia.org/wiki/Bahre%C3%AFn ; https://www.universalis.fr/donnees-pays/pays/bahrein/,765,UTC+3,BH,BHR,Arabe,Bahrain,Manama,Bahreïn,Dinar bahreïni (BHD),Moyen-Orient (Golfe Persique),
Asie,https://fr.wikipedia.org/wiki/Bangladesh ; https://www.universalis.fr/donnees-pays/pays/bangladesh/ ; https://www.axl.cefan.ulaval.ca/asie/Bangladesh.htm,147570,UTC+6,BD,BGD,Bengali,Bangladesh,Dacca,Bangladesh,Taka (BDT),Asie du Sud,
Amérique,https://fr.wikipedia.org/wiki/Barbade ; https://www.diplomatie.gouv.fr/fr/information-par-pays/barbade/presentation-de-la-barbade ; https://www.universalis.fr/encyclopedie/barbade/,430,UTC-4,BB,BRB,Anglais,Barbados,Bridgetown,Barbade,Dollar barbadien (BBD),Caraïbes,
Europe,https://www.diplomatie.gouv.fr/fr/information-par-pays/belgique/presentation-de-la-belgique ; https://fr.wikipedia.org/wiki/Belgique ; https://statbel.fgov.be/fr/nouvelles/la-belgique-comptait-11825551-habitants-au-1er-janvier-2025-0,30528,UTC+1,BE,BEL,"Néerlandais, Français, Allemand",Belgium,Bruxelles,Belgique,Euro (EUR),Europe de l'Ouest,
Amérique,https://fr.wikipedia.org/wiki/Belize ; https://www.universalis.fr/donnees-pays/pays/belize/ ; https://www.diplomatie.gouv.fr/fr/information-par-pays/belize/presentation-du-belize,22970,UTC-6,BZ,BLZ,Anglais,Belize,Belmopan,Belize,Dollar bélizien (BZD),Amérique centrale,
Afrique,https://fr.wikipedia.org/wiki/B%C3%A9nin ; https://www.universalis.fr/donnees-pays/pays/benin/ ; https://www.diplomatie.gouv.fr/fr/information-par-pays/benin/presentation-du-benin,114763,UTC+1,BJ,BEN,Français,Benin,"Porto-Novo (constitutionnelle), Cotonou (administrative)",Bénin,Franc CFA (XOF),Afrique de l'Ouest,
Asie,https://fr.wikipedia.org/wiki/Bhoutan ; https://www.universalis.fr/encyclopedie/bhoutan/ ; https://www.senat.fr/europe-et-international/le-senat-et-les-francais-de-letranger/les-dossiers-pays/bhoutan.html,38394,UTC+6,BT,BTN,Dzongkha,Bhutan,Thimphou,Bhoutan,Ngultrum bhoutanais (BTN),Asie du Sud (Himalaya),
Amérique,https://fr.wikipedia.org/wiki/Bolivie ; https://www.diplomatie.gouv.fr/fr/information-par-pays/bolivie/presentation-de-la-bolivie ; https://fr.vikidia.org/wiki/Bolivie,1098581,UTC-4,BO,BOL,Espagnol (+ 36 langues autochtones officielles),Bolivia,"Sucre (constitutionnelle), La Paz (siège du gouvernement)",Bolivie,Boliviano (BOB),Amérique du Sud,
Europe,https://fr.wikipedia.org/wiki/Bosnie-Herz%C3%A9govine ; https://www.universalis.fr/donnees-pays/pays/bosnie-herzegovine/ ; https://www.strasbourg-europe.eu/bosnie-herzegovine/,51197,UTC+1,BA,BIH,"Bosniaque, Serbe, Croate",Bosnia and Herzegovina,Sarajevo,Bosnie-Herzégovine,Mark convertible (BAM),Balkans,
Afrique,https://fr.wikipedia.org/wiki/Botswana ; https://www.universalis.fr/donnees-pays/pays/botswana/ ; https://www.terdav.com/guide-voyage/botswana/carte-identite,581730,UTC+2,BW,BWA,Anglais,Botswana,Gaborone,Botswana,Pula (BWP),Afrique australe,
Amérique,https://fr.wikipedia.org/wiki/Br%C3%A9sil ; https://www.terdav.com/guide-voyage/bresil/carte-identite ; https://export.agence-adocc.com/fr/fiches-pays/bresil/introduction,8515770,UTC-3 à UTC-5 (4 fuseaux),BR,BRA,Portugais,Brazil,Brasilia,Brésil,Real brésilien (BRL),Amérique du Sud,
Asie,https://fr.wikipedia.org/wiki/Brunei ; https://www.diplomatie.gouv.fr/fr/information-par-pays/brunei/presentation-du-brunei ; https://export.agence-adocc.com/fr/fiches-pays/brunei/introduction,5765,UTC+8,BN,BRN,Malais,Brunei,Bandar Seri Begawan,Brunei,Dollar de Brunei (BND),Asie du Sud-Est,
Europe,https://fr.wikipedia.org/wiki/fr:Bulgarie ; https://www.universalis.fr/donnees-pays/pays/bulgarie/ ; https://www.banque-france.fr/fr/communiques-de-presse/la-bulgarie-introduit-leuro,111000,UTC+2,BG,BGR,Bulgare,Bulgaria,Sofia,Bulgarie,"Euro (EUR, depuis le 01/01/2026, anciennement Lev BGN)",Europe de l'Est (Balkans),
Afrique,https://fr.wikipedia.org/wiki/Burkina_Faso ; https://www.diplomatie.gouv.fr/fr/information-par-pays/burkina-faso/presentation-du-burkina-faso ; https://www.universalis.fr/donnees-pays/pays/burkina-faso/,274220,UTC+0,BF,BFA,Français (langues nationales officialisées depuis 2023),Burkina Faso,Ouagadougou,Burkina Faso,Franc CFA (XOF),Afrique de l'Ouest,
Afrique,https://fr.wikipedia.org/wiki/Burundi ; https://www.diplomatie.gouv.fr/fr/information-par-pays/burundi/presentation-du-burundi ; https://www.universalis.fr/donnees-pays/pays/burundi/,27830,UTC+2,BI,BDI,"Français, Kirundi",Burundi,"Gitega (politique), Bujumbura (économique)",Burundi,Franc burundais (BIF),Afrique de l'Est (région des Grands Lacs),
Asie,https://fr.wikipedia.org/wiki/Cambodge ; https://www.terdav.com/guide-voyage/cambodge/carte-identite ; https://export.agence-adocc.com/fr/fiches-pays/cambodge/introduction,181035,UTC+7,KH,KHM,Khmer,Cambodia,Phnom Penh,Cambodge,Riel (KHR),Asie du Sud-Est,
Afrique,https://fr.wikipedia.org/wiki/Cameroun ; https://www.diplomatie.gouv.fr/fr/information-par-pays/cameroun/presentation-du-cameroun,475442,UTC+1,CM,CMR,"Français, Anglais",Cameroon,Yaoundé,Cameroun,Franc CFA (XAF),Afrique centrale,
Amérique,https://fr.wikipedia.org/wiki/Canada ; https://www.statcan.gc.ca/,9984670,UTC-3:30 à UTC-8 (6 fuseaux),CA,CAN,"Anglais, Français",Canada,Ottawa,Canada,Dollar canadien (CAD),Amérique du Nord,
Afrique,https://fr.wikipedia.org/wiki/Cap-Vert ; https://www.diplomatie.gouv.fr/fr/information-par-pays/cap-vert/presentation-du-cap-vert ; https://www.terdav.com/guide-voyage/cap-vert/carte-identite,4033,UTC-1,CV,CPV,"Portugais (+ Crioulo, créole cap-verdien, langue nationale)",Cape Verde,Praia,Cap-Vert,Escudo cap-verdien (CVE),Afrique de l'Ouest (îles Atlantique),
Amérique,https://fr.wikipedia.org/wiki/Chili ; https://www.diplomatie.gouv.fr/fr/information-par-pays/chili/presentation-du-chili,755776,UTC-4 (UTC-3 été),CL,CHL,Espagnol,Chile,Santiago,Chili,Peso chilien (CLP),Amérique du Sud,
Asie,https://www.diplomatie.gouv.fr/fr/information-par-pays/chine/presentation-de-la-chine ; https://export.agence-adocc.com/fr/fiches-pays/chine/introduction,9562911,UTC+8,CN,CHN,Mandarin,China,Pékin,Chine,Yuan / Renminbi (CNY),Asie de l'Est,
Europe,https://fr.wikipedia.org/wiki/Chypre_(pays) ; https://www.diplomatie.gouv.fr/fr/information-par-pays/chypre/presentation-de-chypre ; https://export.agence-adocc.com/fr/fiches-pays/chypre/introduction,9251,UTC+2,CY,CYP,"Grec, Turc",Cyprus,Nicosie,Chypre,Euro (EUR),Europe du Sud (Méditerranée orientale),
Amérique,https://fr.wikipedia.org/wiki/Colombie ; https://voyage-colombie.com/guide-colombie/infos ; https://www.voyagesconfidentiels.fr/informations-pratiques/colombie.html,1141748,UTC-5,CO,COL,Espagnol,Colombia,Bogota,Colombie,Peso colombien (COP),Amérique du Sud,
Afrique,https://fr.wikipedia.org/wiki/Comores_(pays) ; https://www.diplomatie.gouv.fr/fr/information-par-pays/comores/presentation-des-comores,2034,UTC+3,KM,COM,"Comorien (Shikomori), Français, Arabe",Comoros,Moroni,Comores,Franc comorien (KMF),Afrique de l'Est (îles Océan Indien),
Afrique,https://fr.wikipedia.org/wiki/R%C3%A9publique_du_Congo ; https://www.diplomatie.gouv.fr/fr/information-par-pays/congo/presentation-du-congo ; https://www.terdav.com/guide-voyage/congo/carte-identite,342000,UTC+1,CG,COG,Français,Congo,Brazzaville,Congo,Franc CFA (XAF),Afrique centrale,
Afrique,https://fr.wikipedia.org/wiki/R%C3%A9publique_d%C3%A9mocratique_du_Congo ; https://www.diplomatie.gouv.fr/fr/information-par-pays/republique-democratique-du-congo/presentation-de-la-republique-democratique-du-congo,2345409,UTC+1 à UTC+2,CD,COD,"Français (+ lingala, kikongo, swahili, tshiluba)",Democratic Republic of the Congo,Kinshasa,République démocratique du Congo,Franc congolais (CDF),Afrique centrale,
Asie,https://fr.wikipedia.org/wiki/Cor%C3%A9e_du_Nord ; https://www.diplomatie.gouv.fr/fr/information-par-pays/coree-du-nord/presentation-de-la-coree-du-nord,120540,UTC+9,KP,PRK,Coréen,North Korea,Pyongyang,Corée du Nord,Won nord-coréen (KPW),Asie de l'Est,
Asie,https://www.diplomatie.gouv.fr/fr/information-par-pays/coree-du-sud/presentation-de-la-coree-du-sud ; https://fr.wikipedia.org/wiki/Cor%C3%A9e_du_Sud,100210,UTC+9,KR,KOR,Coréen,South Korea,Séoul,Corée du Sud,Won sud-coréen (KRW),Asie de l'Est,
Amérique,https://fr.wikipedia.org/wiki/Costa_Rica ; https://costarica-voyage.com/guide-pays/general_costarica/ ; https://export.agence-adocc.com/fr/fiches-pays/costa-rica/introduction,51100,UTC-6,CR,CRI,Espagnol,Costa Rica,San José,Costa Rica,Colon costaricain (CRC),Amérique centrale,
Europe,https://fr.wikipedia.org/wiki/Croatie ; https://www.touteleurope.eu/pays/croatie/ ; https://www.strasbourg-europe.eu/croatie/,56594,UTC+1,HR,HRV,Croate,Croatia,Zagreb,Croatie,Euro (EUR),Europe du Sud (Balkans),
Amérique,https://fr.wikipedia.org/wiki/fr:Cuba ; https://www.terdav.com/guide-voyage/cuba/carte-identite ; https://fr.countryeconomy.com/pays/cuba,109884,UTC-5,CU,CUB,Espagnol,Cuba,La Havane,Cuba,Peso cubain (CUP),Caraïbes,
Europe,https://www.diplomatie.gouv.fr/fr/information-par-pays/danemark/presentation-du-danemark ; https://fr.wikipedia.org/wiki/Danemark ; https://export.agence-adocc.com/fr/fiches-pays/danemark/introduction,42925,UTC+1,DK,DNK,Danois,Denmark,Copenhague,Danemark,Couronne danoise (DKK),Europe du Nord (Scandinavie),
Afrique,https://www.diplomatie.gouv.fr/fr/information-par-pays/djibouti/presentation-de-djibouti ; https://fr.wikipedia.org/wiki/Djibouti,23200,UTC+3,DJ,DJI,"Arabe, Français",Djibouti,Djibouti,Djibouti,Franc djiboutien (DJF),Afrique de l'Est (Corne de l'Afrique),
Amérique,https://fr.wikipedia.org/wiki/Dominique_(pays) ; https://www.diplomatie.gouv.fr/fr/information-par-pays/dominique/presentation-de-la-dominique ; https://www.routard.com/fr/guide/a/carte-d-identite/ameriques/dominique,751,UTC-4,DM,DMA,Anglais,Dominica,Roseau,Dominique,Dollar des Caraïbes orientales (XCD),Caraïbes,
Amérique,"https://www.instagram.com/reel/DYKm_4NAVjv/?hl=fr (recoupement partiel, à confirmer)",48671,UTC-4,DO,DOM,Espagnol,Dominican Republic,Saint-Domingue,République dominicaine,Peso dominicain (DOP),Caraïbes,
Afrique,https://www.diplomatie.gouv.fr/fr/information-par-pays/egypte/presentation-de-l-egypte ; https://www.terdav.com/guide-voyage/egypte/carte-identite,1001449,UTC+2,EG,EGY,Arabe,Egypt,Le Caire,Égypte,Livre égyptienne (EGP),Afrique du Nord / Moyen-Orient,
Asie,https://fr.wikipedia.org/wiki/%C3%89mirats_arabes_unis ; https://www.diplomatie.gouv.fr/fr/information-par-pays/emirats-arabes-unis/presentation-des-emirats-arabes-unis,83600,UTC+4,AE,ARE,Arabe,United Arab Emirates,Abou Dabi,Émirats arabes unis,Dirham (AED),Moyen-Orient (Golfe Persique),
Amérique,https://www.diplomatie.gouv.fr/fr/information-par-pays/equateur/presentation-de-l-equateur ; https://fr.wikipedia.org/wiki/%C3%89quateur_(pays),256370,UTC-5,EC,ECU,Espagnol,Ecuador,Quito,Équateur,Dollar américain (USD),Amérique du Sud,
Afrique,https://fr.wikipedia.org/wiki/%C3%89rythr%C3%A9e ; https://www.diplomatie.gouv.fr/fr/information-par-pays/erythree/presentation-de-l-erythree,117600,UTC+3,ER,ERI,"Tigrigna, Arabe, Anglais",Eritrea,Asmara,Érythrée,Nakfa (ERN),Afrique de l'Est (Corne de l'Afrique),
Europe,https://european-union.europa.eu/principles-countries-history/eu-countries/spain_fr ; https://fr.wikipedia.org/wiki/Madrid,505983,UTC+1,ES,ESP,Espagnol (+ langues co-officielles régionales),Spain,Madrid,Espagne,Euro (EUR),Europe du Sud,
Europe,https://fr.countryeconomy.com/pays/estonie ; https://export.agence-adocc.com/fr/fiches-pays/estonie/introduction,45340,UTC+2,EE,EST,Estonien,Estonia,Tallinn,Estonie,Euro (EUR),Europe du Nord (Baltique),
Afrique,https://www.diplomatie.gouv.fr/fr/information-par-pays/eswatini/presentation-de-l-eswatini ; https://fr.vikidia.org/wiki/Eswatini,17364,UTC+2,SZ,SWZ,"Swazi, Anglais",Eswatini,"Mbabane (administrative), Lobamba (législative)",Eswatini,Lilangeni (SZL),Afrique australe,
Amérique,https://www.geograf.in/fr/table.php ; https://fr.wikipedia.org/wiki/Liste_des_pays_et_territoires_par_superficie,9826675,UTC-5 à UTC-10 (plusieurs fuseaux),US,USA,Anglais (de facto),United States,Washington D.C.,États-Unis,Dollar américain (USD),Amérique du Nord,
Afrique,https://www.geograf.in/fr/table.php,1127127,UTC+3,ET,ETH,Amharique,Ethiopia,Addis-Abeba,Éthiopie,Birr éthiopien (ETB),Afrique de l'Est (Corne de l'Afrique),
Océanie,https://www.diplomatie.gouv.fr/fr/information-par-pays/iles-fidji/presentation-des-iles-fidji ; https://fr.wikipedia.org/wiki/Fidji,18270,UTC+12,FJ,FJI,Anglais,Fiji,Suva,Fidji,Dollar fidjien (FJD),Mélanésie (Pacifique Sud),
Europe,https://www.geograf.in/fr/table.php,337030,UTC+2,FI,FIN,"Finnois, Suédois",Finland,Helsinki,Finlande,Euro (EUR),Europe du Nord (Scandinavie),
Afrique,https://www.diplomatie.gouv.fr/fr/information-par-pays/gabon/presentation-du-gabon ; https://fr.wikipedia.org/wiki/Gabon,267667,UTC+1,GA,GAB,Français,Gabon,Libreville,Gabon,Franc CFA (XAF),Afrique centrale,
Afrique,https://www.diplomatie.gouv.fr/fr/information-par-pays/gambie/presentation-de-la-gambie ; https://fr.wikipedia.org/wiki/Gambie,11295,UTC+0,GM,GMB,Anglais,Gambia,Banjul,Gambie,Dalasi (GMD),Afrique de l'Ouest,
Asie,https://www.voyagesconfidentiels.fr/informations-pratiques/g%C3%A9orgie.html ; https://export.agence-adocc.com/fr/fiches-pays/georgie/introduction,69700,UTC+4,GE,GEO,Géorgien,Georgia,Tbilissi,Géorgie,Lari géorgien (GEL),Caucase,
Afrique,https://www.diplomatie.gouv.fr/fr/information-par-pays/ghana/presentation-du-ghana ; https://fr.countryeconomy.com/pays/ghana,238537,UTC+0,GH,GHA,Anglais,Ghana,Accra,Ghana,Cedi ghanéen (GHS),Afrique de l'Ouest,
Europe,https://fr.wikipedia.org/wiki/Gr%C3%A8ce ; https://www.diplomatie.gouv.fr/fr/information-par-pays/grece/presentation-de-la-grece,131957,UTC+2,GR,GRC,Grec,Greece,Athènes,Grèce,Euro (EUR),Europe du Sud (Balkans),
Amérique,https://www.diplomatie.gouv.fr/fr/information-par-pays/grenade/presentation-de-la-grenade ; https://fr.wikipedia.org/wiki/Grenade_(pays),344,UTC-4,GD,GRD,Anglais,Grenada,Saint-Georges,Grenade,Dollar des Caraïbes orientales (XCD),Caraïbes,
Amérique,https://export.agence-adocc.com/fr/fiches-pays/guatemala/introduction ; https://guatemala-voyages.com/guide-pays/infos,108889,UTC-6,GT,GTM,Espagnol,Guatemala,Guatemala Ciudad,Guatemala,Quetzal (GTQ),Amérique centrale,
Afrique,https://www.diplomatie.gouv.fr/fr/information-par-pays/guinee/presentation-de-la-guinee ; https://fr.wikipedia.org/wiki/Guin%C3%A9e,245857,UTC+0,GN,GIN,Français,Guinea,Conakry,Guinée,Franc guinéen (GNF),Afrique de l'Ouest,
Afrique,https://competitivite.ferdi.fr/pays/guinee-bissau-gnb,28120,UTC+0,GW,GNB,Portugais,Guinea-Bissau,Bissau,Guinée-Bissau,Franc CFA (XOF),Afrique de l'Ouest,
Afrique,https://fr.wikipedia.org/wiki/Guin%C3%A9e_%C3%A9quatoriale ; https://fr.countryeconomy.com/pays/guinee-equatoriale,28051,UTC+1,GQ,GNQ,"Espagnol, Français",Equatorial Guinea,Malabo,Guinée équatoriale,Franc CFA (XAF),Afrique centrale,
Amérique,https://fr.wikipedia.org/wiki/Guyana ; https://www.diplomatie.gouv.fr/fr/information-par-pays/guyana/presentation-du-guyana,214969,UTC-4,GY,GUY,Anglais,Guyana,Georgetown,Guyana,Dollar guyanien (GYD),Amérique du Sud,
Amérique,https://fr.wikipedia.org/wiki/Ha%C3%AFti ; https://www.diplomatie.gouv.fr/fr/information-par-pays/haiti/presentation-d-haiti,27750,UTC-5,HT,HTI,"Français, Créole haïtien",Haiti,Port-au-Prince,Haïti,Gourde (HTG),Caraïbes,
Amérique,https://www.geograf.in/fr/table.php,112090,UTC-6,HN,HND,Espagnol,Honduras,Tegucigalpa,Honduras,Lempira (HNL),Amérique centrale,
Europe,https://fr.wikipedia.org/wiki/Hongrie ; https://european-union.europa.eu/principles-countries-history/eu-countries/hungary_fr,93028,UTC+1,HU,HUN,Hongrois,Hungary,Budapest,Hongrie,Forint (HUF),Europe centrale,
Asie,https://fr.wikipedia.org/wiki/Inde ; https://www.diplomatie.gouv.fr/fr/information-par-pays/inde/presentation-de-l-inde,3287263,UTC+5:30,IN,IND,"Hindi, Anglais",India,New Delhi,Inde,Roupie indienne (INR),Asie du Sud,
Asie,https://fr.wikipedia.org/wiki/Indon%C3%A9sie,1904569,UTC+7 à UTC+9,ID,IDN,Indonésien,Indonesia,Jakarta,Indonésie,Roupie indonésienne (IDR),Asie du Sud-Est,
Asie,https://fr.wikipedia.org/wiki/Irak ; https://www.diplomatie.gouv.fr/fr/information-par-pays/irak/presentation-de-l-irak,438317,UTC+3,IQ,IRQ,"Arabe, Kurde",Iraq,Bagdad,Irak,Dinar irakien (IQD),Moyen-Orient,
Asie,https://fr.wikipedia.org/wiki/Iran ; https://www.diplomatie.gouv.fr/fr/information-par-pays/iran/presentation-de-l-iran,1648195,UTC+3:30,IR,IRN,Persan,Iran,Téhéran,Iran,Rial iranien (IRR),Moyen-Orient,
Europe,https://fr.wikipedia.org/wiki/Irlande_(pays) ; https://european-union.europa.eu/principles-countries-history/eu-countries/ireland_fr,70273,UTC+0,IE,IRL,"Irlandais, Anglais",Ireland,Dublin,Irlande,Euro (EUR),Europe du Nord-Ouest,
Europe,https://fr.wikipedia.org/wiki/Islande ; https://www.diplomatie.gouv.fr/fr/information-par-pays/islande/presentation-de-l-islande,103000,UTC+0,IS,ISL,Islandais,Iceland,Reykjavik,Islande,Couronne islandaise (ISK),Europe du Nord (Nordique),
Asie,https://fr.wikipedia.org/wiki/Isra%C3%ABl ; https://www.diplomatie.gouv.fr/fr/information-par-pays/israel/presentation-d-israel,20770,UTC+2,IL,ISR,"Hébreu, Arabe",Israel,Jérusalem (contestée),Israël,Shekel (ILS),Moyen-Orient,
Europe,https://fr.wikipedia.org/wiki/Italie ; https://european-union.europa.eu/principles-countries-history/eu-countries/italy_fr,301340,UTC+1,IT,ITA,Italien,Italy,Rome,Italie,Euro (EUR),Europe du Sud,
Amérique,https://fr.wikipedia.org/wiki/Jama%C3%AFque ; https://www.diplomatie.gouv.fr/fr/information-par-pays/jamaique/presentation-de-la-jamaique,10991,UTC-5,JM,JAM,Anglais,Jamaica,Kingston,Jamaïque,Dollar jamaïcain (JMD),Caraïbes,
Asie,https://fr.wikipedia.org/wiki/Japon ; https://www.diplomatie.gouv.fr/fr/information-par-pays/japon/presentation-du-japon,377975,UTC+9,JP,JPN,Japonais,Japan,Tokyo,Japon,Yen (JPY),Asie de l'Est,
Asie,https://fr.wikipedia.org/wiki/Jordanie ; https://www.diplomatie.gouv.fr/fr/information-par-pays/jordanie/presentation-de-la-jordanie,89342,UTC+3,JO,JOR,Arabe,Jordan,Amman,Jordanie,Dinar jordanien (JOD),Moyen-Orient,
Asie,https://fr.wikipedia.org/wiki/Kazakhstan ; https://www.diplomatie.gouv.fr/fr/information-par-pays/kazakhstan/presentation-du-kazakhstan,2724900,UTC+5,KZ,KAZ,"Kazakh, Russe",Kazakhstan,Astana,Kazakhstan,Tenge (KZT),Asie centrale,
Afrique,https://www.geograf.in/fr/table.php,582650,UTC+3,KE,KEN,"Swahili, Anglais",Kenya,Nairobi,Kenya,Shilling kenyan (KES),Afrique de l'Est,
Asie,https://www.geograf.in/fr/table.php,198500,UTC+6,KG,KGZ,"Kirghiz, Russe",Kyrgyzstan,Bichkek,Kirghizistan,Som (KGS),Asie centrale,
Océanie,https://www.geograf.in/fr/table.php,811,UTC+12 à UTC+14,KI,KIR,"Anglais, Gilbertin",Kiribati,Tarawa-Sud,Kiribati,Dollar australien (AUD),Micronésie (Pacifique),
Asie,https://fr.wikipedia.org/wiki/Kowe%C3%AFt ; https://www.diplomatie.gouv.fr/fr/information-par-pays/koweit/presentation-du-koweit,17818,UTC+3,KW,KWT,Arabe,Kuwait,Koweït City,Koweït,Dinar koweïtien (KWD),Moyen-Orient (Golfe Persique),
Asie,https://fr.wikipedia.org/wiki/Laos ; https://www.diplomatie.gouv.fr/fr/information-par-pays/laos/presentation-du-laos,236800,UTC+7,LA,LAO,Lao,Laos,Vientiane,Laos,Kip (LAK),Asie du Sud-Est,
Afrique,https://fr.wikipedia.org/wiki/Lesotho ; https://www.geograf.in/fr/table.php,30355,UTC+2,LS,LSO,"Sesotho, Anglais",Lesotho,Maseru,Lesotho,Loti (LSL),Afrique australe,
Europe,https://fr.wikipedia.org/wiki/Lettonie ; https://european-union.europa.eu/principles-countries-history/eu-countries/latvia_fr,64589,UTC+2,LV,LVA,Letton,Latvia,Riga,Lettonie,Euro (EUR),Europe du Nord (Baltique),
Asie,https://fr.wikipedia.org/wiki/Liban ; https://www.diplomatie.gouv.fr/fr/information-par-pays/liban/presentation-du-liban,10452,UTC+2,LB,LBN,Arabe,Lebanon,Beyrouth,Liban,Livre libanaise (LBP),Moyen-Orient,
Afrique,https://fr.countryeconomy.com/pays/liberia,111370,UTC+0,LR,LBR,Anglais,Liberia,Monrovia,Libéria,Dollar libérien (LRD),Afrique de l'Ouest,
Afrique,https://fr.vikidia.org/wiki/Libye,1759540,UTC+2,LY,LBY,Arabe,Libya,Tripoli,Libye,Dinar libyen (LYD),Afrique du Nord,
Europe,https://fr.wikipedia.org/wiki/Liechtenstein ; https://www.diplomatie.gouv.fr/fr/information-par-pays/liechtenstein/presentation-du-liechtenstein,160,UTC+1,LI,LIE,Allemand,Liechtenstein,Vaduz,Liechtenstein,Franc suisse (CHF),Europe centrale (Alpes),
Europe,https://european-union.europa.eu/principles-countries-history/eu-countries/lithuania_fr,65284,UTC+2,LT,LTU,Lituanien,Lithuania,Vilnius,Lituanie,Euro (EUR),Europe du Nord (Baltique),
Europe,https://www.geograf.in/fr/table.php,2586,UTC+1,LU,LUX,"Luxembourgeois, Français, Allemand",Luxembourg,Luxembourg,Luxembourg,Euro (EUR),Europe de l'Ouest,
Europe,https://www.geograf.in/fr/table.php,25333,UTC+1,MK,MKD,Macédonien,North Macedonia,Skopje,Macédoine du Nord,Denar macédonien (MKD),Europe du Sud-Est (Balkans),
Afrique,https://fr.wikipedia.org/wiki/Madagascar ; https://www.diplomatie.gouv.fr/fr/information-par-pays/madagascar/presentation-de-madagascar,587041,UTC+3,MG,MDG,"Malgache, Français",Madagascar,Antananarivo,Madagascar,Ariary (MGA),Afrique de l'Est (Île Océan Indien),
Asie,https://www.geograf.in/fr/table.php ; https://www.pays-europe.com/pays-M.htm,329750,UTC+8,MY,MYS,Malais,Malaysia,Kuala Lumpur,Malaisie,Ringgit malaisien (MYR),Asie du Sud-Est,
Afrique,https://fr.wikipedia.org/wiki/Malawi ; https://www.diplomatie.gouv.fr/fr/information-par-pays/malawi/presentation-du-malawi,118484,UTC+2,MW,MWI,"Anglais, Chewa",Malawi,Lilongwe,Malawi,Kwacha malawite (MWK),Afrique de l'Est,
Asie,https://petit-bac.net/pays-en-m/,298,UTC+5,MV,MDV,Divehi,Maldives,Malé,Maldives,Rufiyaa (MVR),Asie du Sud (Île Océan Indien),
Afrique,https://fr.wikipedia.org/wiki/Mali ; https://donnees.banquemondiale.org/?indicators=SE.PRM.CMPT.ZS&locations=1W-ML-MN-MY-MT,1240192,UTC+0,ML,MLI,Français (+ langues nationales),Mali,Bamako,Mali,Franc CFA (XOF),Afrique de l'Ouest,
Europe,https://fr.wikipedia.org/wiki/Malte ; https://european-union.europa.eu/principles-countries-history/eu-countries/malta_fr,316,UTC+1,MT,MLT,"Maltais, Anglais",Malta,La Valette,Malte,Euro (EUR),Europe du Sud (Méditerranée),
Afrique,https://www.geograf.in/fr/table.php,446550,UTC+1,MA,MAR,"Arabe, Amazigh",Morocco,Rabat,Maroc,Dirham marocain (MAD),Afrique du Nord,
Afrique,https://fr.wikipedia.org/wiki/Maurice_(pays) ; https://www.diplomatie.gouv.fr/fr/information-par-pays/maurice/presentation-de-maurice,2040,UTC+4,MU,MUS,"Anglais, Français",Mauritius,Port-Louis,Maurice,Roupie mauricienne (MUR),Afrique de l'Est (Île Océan Indien),
Afrique,https://fr.wikipedia.org/wiki/Mauritanie ; https://www.diplomatie.gouv.fr/fr/information-par-pays/mauritanie/presentation-de-la-mauritanie,1030700,UTC+0,MR,MRT,Arabe,Mauritania,Nouakchott,Mauritanie,Ouguiya (MRU),Afrique de l'Ouest,
Amérique,https://fr.wikipedia.org/wiki/Mexique ; https://www.diplomatie.gouv.fr/fr/information-par-pays/mexique/presentation-du-mexique,1964375,UTC-6 à UTC-8,MX,MEX,Espagnol,Mexico,Mexico,Mexique,Peso mexicain (MXN),Amérique du Nord,
Océanie,https://fr.countryeconomy.com/pays/micronesie ; https://moveagri.educagri.fr/?EtatsFederesDeMicronesie,702,UTC+10 à UTC+11,FM,FSM,Anglais,Micronesia,Palikir,Micronésie,Dollar américain (USD),Micronésie (Pacifique),
Europe,https://fr.wikipedia.org/wiki/Moldavie ; https://www.diplomatie.gouv.fr/fr/information-par-pays/moldavie/presentation-de-la-moldavie,33846,UTC+2,MD,MDA,Roumain,Moldova,Chisinau,Moldavie,Leu moldave (MDL),Europe de l'Est,
Europe,https://fr.wikipedia.org/wiki/Monaco ; https://www.diplomatie.gouv.fr/fr/information-par-pays/monaco/presentation-de-monaco,2,UTC+1,MC,MCO,Français,Monaco,Monaco,Monaco,Euro (EUR),Europe du Sud (Méditerranée),
Asie,https://fr.wikipedia.org/wiki/Mongolie ; https://www.diplomatie.gouv.fr/fr/information-par-pays/mongolie/presentation-de-la-mongolie,1564110,UTC+7 à UTC+8,MN,MNG,Mongol,Mongolia,Oulan-Bator,Mongolie,Tugrik (MNT),Asie de l'Est,
Europe,https://fr.wikipedia.org/wiki/Mont%C3%A9n%C3%A9gro ; https://www.diplomatie.gouv.fr/fr/information-par-pays/montenegro/presentation-du-montenegro,13812,UTC+1,ME,MNE,Monténégrin,Montenegro,Podgorica,Monténégro,Euro (EUR),Europe du Sud-Est (Balkans),
Afrique,https://fr.wikipedia.org/wiki/Mozambique ; https://www.diplomatie.gouv.fr/fr/information-par-pays/mozambique/presentation-du-mozambique,801590,UTC+2,MZ,MOZ,Portugais,Mozambique,Maputo,Mozambique,Metical (MZN),Afrique australe,
Asie,https://www.geograf.in/fr/table.php,678500,UTC+6:30,MM,MMR,Birman,Myanmar,Naypyidaw,Myanmar,Kyat (MMK),Asie du Sud-Est,
Afrique,https://www.geograf.in/fr/table.php,825418,UTC+2,,NAM,Anglais,Namibia,Windhoek,Namibie,Dollar namibien (NAD),Afrique australe,
Océanie,https://www.diplomatie.gouv.fr/fr/information-par-pays/nauru/presentation-de-nauru,21,UTC+12,NR,NRU,"Nauruan, Anglais",Nauru,Yaren,Nauru,Dollar australien (AUD),Micronésie (Pacifique),
Asie,https://www.terdav.com/guide-voyage/nepal/carte-identite ; https://export.agence-adocc.com/fr/fiches-pays/nepal/introduction,147181,UTC+5:45,NP,NPL,Népalais,Nepal,Katmandou,Népal,Roupie népalaise (NPR),Asie du Sud (Himalaya),
Amérique,https://fr.vikidia.org/wiki/Nicaragua ; https://www.wikiberal.org/wiki/Nicaragua,129494,UTC-6,NI,NIC,Espagnol,Nicaragua,Managua,Nicaragua,Cordoba (NIO),Amérique centrale,
Afrique,https://fr.wikipedia.org/wiki/Niger ; https://www.diplomatie.gouv.fr/fr/information-par-pays/niger/presentation-du-niger,1267000,UTC+1,NE,NER,Français,Niger,Niamey,Niger,Franc CFA (XOF),Afrique de l'Ouest,
Afrique,https://www.geograf.in/fr/table.php,923768,UTC+1,NG,NGA,Anglais,Nigeria,Abuja,Nigéria,Naira (NGN),Afrique de l'Ouest,
Océanie,https://fr.wikipedia.org/wiki/Niue ; https://www.diplomatie.gouv.fr/fr/information-par-pays/niue/presentation-de-niue,260,UTC-11,NU,NIU,"Anglais, Niuéen",Niue,Alofi,Niue,Dollar néo-zélandais (NZD),Polynésie (Pacifique),
Europe,https://www.geograf.in/fr/table.php,386700,UTC+1,NO,NOR,Norvégien,Norway,Oslo,Norvège,Couronne norvégienne (NOK),Europe du Nord (Scandinavie),
Océanie,https://fr.wikipedia.org/wiki/Nouvelle-Z%C3%A9lande ; https://export.agence-adocc.com/fr/fiches-pays/nouvelle-zelande/introduction,268021,UTC+12,NZ,NZL,"Anglais, Maori",New Zealand,Wellington,Nouvelle-Zélande,Dollar néo-zélandais (NZD),Australasie,
Asie,https://www.geograf.in/fr/table.php,309500,UTC+4,OM,OMN,Arabe,Oman,Mascate,Oman,Rial omanais (OMR),Moyen-Orient (Golfe Persique),
Afrique,https://fr.wikipedia.org/wiki/Ouganda ; https://www.diplomatie.gouv.fr/fr/information-par-pays/ouganda/presentation-de-l-ouganda,236040,UTC+3,UG,UGA,"Anglais, Swahili",Uganda,Kampala,Ouganda,Shilling ougandais (UGX),Afrique de l'Est,
Asie,https://www.marcovasco.fr/asie/ouzbekistan/infos-pratiques/fiche-pays-ouzbekistan/,448900,UTC+5,UZ,UZB,Ouzbek,Uzbekistan,Tachkent,Ouzbékistan,Sum ouzbek (UZS),Asie centrale,
Asie,https://fr.wikipedia.org/wiki/Pakistan ; https://www.diplomatie.gouv.fr/fr/information-par-pays/pakistan/presentation-du-pakistan,881913,UTC+5,PK,PAK,"Ourdou, Anglais",Pakistan,Islamabad,Pakistan,Roupie pakistanaise (PKR),Asie du Sud,
Océanie,https://fr.wikipedia.org/wiki/Palaos ; https://www.diplomatie.gouv.fr/fr/information-par-pays/palaos/presentation-des-palaos,459,UTC+9,PW,PLW,"Palauan, Anglais",Palau,Ngerulmud,Palaos,Dollar américain (USD),Micronésie (Pacifique),
Asie,https://www.geograf.in/fr/table.php,5860,UTC+2,PS,PSE,Arabe,Palestine,Ramallah,Palestine,Shekel israélien / Dinar jordanien,Moyen-Orient,
Amérique,https://fr.wikipedia.org/wiki/Panama ; https://www.geograf.in/fr/table.php,78200,UTC-5,PA,PAN,Espagnol,Panama,Panama,Panama,Balboa / Dollar américain (PAB/USD),Amérique centrale,
Océanie,https://fr.wikipedia.org/wiki/Papouasie-Nouvelle-Guin%C3%A9e ; https://www.diplomatie.gouv.fr/fr/information-par-pays/papouasie-nouvelle-guinee/presentation-de-la-papouasie-nouvelle-guinee,462840,UTC+10,PG,PNG,"Anglais, Tok Pisin",Papua New Guinea,Port Moresby,Papouasie-Nouvelle-Guinée,Kina (PGK),Mélanésie (Pacifique),
Amérique,https://fr.wikipedia.org/wiki/Paraguay ; https://www.diplomatie.gouv.fr/fr/information-par-pays/paraguay/presentation-du-paraguay,406752,UTC-4,PY,PRY,"Espagnol, Guarani",Paraguay,Asuncion,Paraguay,Guarani (PYG),Amérique du Sud,
Europe,https://fr.wikipedia.org/wiki/Pays-Bas ; https://european-union.europa.eu/principles-countries-history/eu-countries/netherlands_fr,41850,UTC+1,NL,NLD,Néerlandais,Netherlands,Amsterdam,Pays-Bas,Euro (EUR),Europe de l'Ouest,
Amérique,"https://planete-decouverte.fr/Fiche-pays,522 ; https://fr.vikidia.org/wiki/Liste_des_pays_par_superficie",1285220,UTC-5,PE,PER,"Espagnol, Quechua",Peru,Lima,Pérou,Sol péruvien (PEN),Amérique du Sud,
Asie,https://www.geograf.in/fr/table.php,300000,UTC+8,PH,PHL,"Filipino, Anglais",Philippines,Manille,Philippines,Peso philippin (PHP),Asie du Sud-Est,
Europe,https://fr.wikipedia.org/wiki/Pologne ; https://european-union.europa.eu/principles-countries-history/eu-countries/poland_fr,312685,UTC+1,PL,POL,Polonais,Poland,Varsovie,Pologne,Zloty (PLN),Europe centrale,
Europe,https://fr.wikipedia.org/wiki/Portugal ; https://european-union.europa.eu/principles-countries-history/eu-countries/portugal_fr,92212,UTC+0,PT,PRT,Portugais,Portugal,Lisbonne,Portugal,Euro (EUR),Europe du Sud,
Asie,https://fr.wikipedia.org/wiki/Qatar ; https://www.diplomatie.gouv.fr/fr/information-par-pays/qatar/presentation-du-qatar,11586,UTC+3,QA,QAT,Arabe,Qatar,Doha,Qatar,Riyal qatari (QAR),Moyen-Orient (Golfe Persique),
Afrique,https://fr.wikipedia.org/wiki/R%C3%A9publique_centrafricaine ; https://www.diplomatie.gouv.fr/fr/information-par-pays/republique-centrafricaine/presentation-de-la-republique-centrafricaine,622984,UTC+1,CF,CAF,"Français, Sango",Central African Republic,Bangui,République centrafricaine,Franc CFA (XAF),Afrique centrale,
Europe,https://fr.wikipedia.org/wiki/Roumanie ; https://european-union.europa.eu/principles-countries-history/eu-countries/romania_fr,238397,UTC+2,RO,ROU,Roumain,Romania,Bucarest,Roumanie,Leu roumain (RON),Europe de l'Est,
Europe,https://fr.wikipedia.org/wiki/Royaume-Uni ; https://www.diplomatie.gouv.fr/fr/information-par-pays/royaume-uni/presentation-du-royaume-uni,243610,UTC+0,GB,GBR,Anglais,United Kingdom,Londres,Royaume-Uni,Livre sterling (GBP),Europe du Nord-Ouest,
Europe/Asie,https://fr.wikipedia.org/wiki/Russie ; https://www.diplomatie.gouv.fr/fr/information-par-pays/russie/presentation-de-la-russie,17075200,UTC+2 à UTC+12 (11 fuseaux),RU,RUS,Russe,Russia,Moscou,Russie,Rouble russe (RUB),Eurasie,
Afrique,https://fr.wikipedia.org/wiki/Rwanda ; https://www.diplomatie.gouv.fr/fr/information-par-pays/rwanda/presentation-du-rwanda,26338,UTC+2,RW,RWA,"Kinyarwanda, Français, Anglais",Rwanda,Kigali,Rwanda,Franc rwandais (RWF),Afrique de l'Est (région des Grands Lacs),
Amérique,https://fr.wikipedia.org/wiki/Saint-Christophe-et-Ni%C3%A9v%C3%A8s ; https://www.lexportateur.com/fiches-pays/saint-christophe-et-nieves,260,UTC-4,KN,KNA,Anglais,Saint Kitts and Nevis,Basseterre,Saint-Christophe-et-Niévès,Dollar des Caraïbes orientales (XCD),Caraïbes,
Europe,https://www.universalis.fr/donnees-pays/pays/saint-marin/ ; https://www.larousse.fr/encyclopedie/pays/Saint-Marin/142522,61,UTC+1,SM,SMR,Italien,San Marino,Saint-Marin,Saint-Marin,Euro (EUR),Europe du Sud (enclave en Italie),
Amérique,https://www.larousse.fr/encyclopedie/pays/Saint-Vincent-et-les-Grenadines/142744,389,UTC-4,VC,VCT,Anglais,Saint Vincent and the Grenadines,Kingstown,Saint-Vincent-et-les-Grenadines,Dollar des Caraïbes orientales (XCD),Caraïbes,
Amérique,https://fr.wikipedia.org/wiki/Sainte-Lucie,620,UTC-4,LC,LCA,Anglais,Saint Lucia,Castries,Sainte-Lucie,Dollar des Caraïbes orientales (XCD),Caraïbes,
Amérique,https://fr.wikipedia.org/wiki/Salvador ; https://www.diplomatie.gouv.fr/fr/information-par-pays/salvador/presentation-du-salvador,21041,UTC-6,SV,SLV,Espagnol,El Salvador,San Salvador,Salvador,Dollar américain (USD),Amérique centrale,
Océanie,https://donnees.banquemondiale.org/indicateur/SP.POP.TOTL?locations=ST,2842,UTC+13,WS,WSM,"Samoan, Anglais",Samoa,Apia,Samoa,Tala samoan (WST),Polynésie (Pacifique),
Afrique,https://www.diplomatie.gouv.fr/fr/information-par-pays/sao-tome-et-principe/presentation-de-sao-tome-et-principe ; https://donnees.banquemondiale.org/indicateur/SP.POP.TOTL?locations=ST,1001,UTC+0,ST,STP,Portugais,Sao Tome and Principe,Sao Tomé,Sao Tomé-et-Principe,Dobra (STN),Afrique centrale (Île Golfe de Guinée),
Afrique,https://donnees.banquemondiale.org/indicateur/SP.POP.TOTL?locations=ST,196722,UTC+0,SN,SEN,Français,Senegal,Dakar,Sénégal,Franc CFA (XOF),Afrique de l'Ouest,
Europe,https://donnees.banquemondiale.org/indicateur/SP.POP.TOTL?locations=ST,88361,UTC+1,RS,SRB,Serbe,Serbia,Belgrade,Serbie,Dinar serbe (RSD),Europe du Sud-Est (Balkans),
Afrique,https://donnees.banquemondiale.org/indicateur/SP.POP.TOTL?locations=ST,451,UTC+4,SC,SYC,"Anglais, Français, Créole seychellois",Seychelles,Victoria,Seychelles,Roupie seychelloise (SCR),Afrique de l'Est (Île Océan Indien),
Afrique,https://fr.wikipedia.org/wiki/Sierra_Leone ; https://www.diplomatie.gouv.fr/fr/information-par-pays/sierra-leone/presentation-de-la-sierra-leone,71740,UTC+0,SL,SLE,Anglais,Sierra Leone,Freetown,Sierra Leone,Leone (SLE),Afrique de l'Ouest,
Asie,https://fr.wikipedia.org/wiki/Singapour ; https://www.diplomatie.gouv.fr/fr/information-par-pays/singapour/presentation-de-singapour,728,UTC+8,SG,SGP,"Anglais, Mandarin, Malais, Tamoul",Singapore,Singapour,Singapour,Dollar de Singapour (SGD),Asie du Sud-Est,
Europe,https://fr.wikipedia.org/wiki/Slovaquie ; https://european-union.europa.eu/principles-countries-history/eu-countries/slovakia_fr,49035,UTC+1,SK,SVK,Slovaque,Slovakia,Bratislava,Slovaquie,Euro (EUR),Europe centrale,
Europe,https://fr.wikipedia.org/wiki/Slov%C3%A9nie ; https://european-union.europa.eu/principles-countries-history/eu-countries/slovenia_fr,20273,UTC+1,SI,SVN,Slovène,Slovenia,Ljubljana,Slovénie,Euro (EUR),Europe centrale,
Afrique,https://fr.wikipedia.org/wiki/Somalie ; https://www.sng-wofi.org/country_profiles/somalia_fr.html,637660,UTC+3,SO,SOM,"Somali, Arabe",Somalia,Mogadiscio,Somalie,Shilling somalien (SOS),Afrique de l'Est (Corne de l'Afrique),
Afrique,https://fr.wikipedia.org/wiki/Soudan ; https://www.diplomatie.gouv.fr/fr/information-par-pays/soudan/presentation-du-soudan,1861484,UTC+2,SD,SDN,"Arabe, Anglais",Sudan,Khartoum,Soudan,Livre soudanaise (SDG),Afrique du Nord/Est,
Afrique,https://fr.wikipedia.org/wiki/Soudan_du_Sud ; https://www.diplomatie.gouv.fr/fr/information-par-pays/soudan-du-sud/presentation-du-soudan-du-sud,644329,UTC+2,SS,SSD,Anglais,South Sudan,Djouba,Soudan du Sud,Livre sud-soudanaise (SSP),Afrique de l'Est,
Asie,https://fr.wikipedia.org/wiki/Sri_Lanka ; https://www.diplomatie.gouv.fr/fr/information-par-pays/sri-lanka/presentation-du-sri-lanka,65610,UTC+5:30,LK,LKA,"Cingalais, Tamoul",Sri Lanka,Sri Jayawardenepura Kotte,Sri Lanka,Roupie srilankaise (LKR),Asie du Sud (Île Océan Indien),
Europe,https://fr.wikipedia.org/wiki/Su%C3%A8de ; https://european-union.europa.eu/principles-countries-history/eu-countries/sweden_fr,450295,UTC+1,SE,SWE,Suédois,Sweden,Stockholm,Suède,Couronne suédoise (SEK),Europe du Nord (Scandinavie),
Europe,https://fr.wikipedia.org/wiki/Suisse ; https://www.diplomatie.gouv.fr/fr/information-par-pays/suisse/presentation-de-la-suisse,41285,UTC+1,CH,CHE,"Allemand, Français, Italien, Romanche",Switzerland,Berne,Suisse,Franc suisse (CHF),Europe centrale (Alpes),
Amérique,https://fr.wikipedia.org/wiki/Suriname ; https://www.diplomatie.gouv.fr/fr/information-par-pays/suriname/presentation-du-suriname,163820,UTC-3,SR,SUR,Néerlandais,Suriname,Paramaribo,Suriname,Dollar surinamais (SRD),Amérique du Sud,
Asie,https://fr.wikipedia.org/wiki/Syrie ; https://www.diplomatie.gouv.fr/fr/information-par-pays/syrie/presentation-de-la-syrie,185180,UTC+3,SY,SYR,Arabe,Syria,Damas,Syrie,Livre syrienne (SYP),Moyen-Orient,
Asie,https://fr.wikipedia.org/wiki/Tadjikistan ; https://www.diplomatie.gouv.fr/fr/information-par-pays/tadjikistan/presentation-du-tadjikistan,143100,UTC+5,TJ,TJK,Tadjik,Tajikistan,Douchanbé,Tadjikistan,Somoni (TJS),Asie centrale,
Asie,https://fr.wikipedia.org/wiki/Ta%C3%AFwan ; https://www.diplomatie.gouv.fr/fr/information-par-pays/taiwan/presentation-de-taiwan,36193,UTC+8,TW,TWN,Mandarin,Taiwan,Taipei,Taïwan,Nouveau dollar taïwanais (TWD),Asie de l'Est,
Afrique,"https://fr.wikipedia.org/wiki/Tanzanie ; https://planete-decouverte.fr/Fiche-pays,372",945087,UTC+3,TZ,TZA,"Swahili, Anglais",Tanzania,Dodoma,Tanzanie,Shilling tanzanien (TZS),Afrique de l'Est,
Afrique,https://fr.wikipedia.org/wiki/Tchad ; https://www.diplomatie.gouv.fr/fr/information-par-pays/tchad/presentation-du-tchad,1284000,UTC+1,TD,TCD,"Français, Arabe",Chad,N'Djamena,Tchad,Franc CFA (XAF),Afrique centrale,
Asie,https://fr.wikipedia.org/wiki/Tha%C3%AFlande ; https://www.diplomatie.gouv.fr/fr/information-par-pays/thailande/presentation-de-la-thailande,513120,UTC+7,TH,THA,Thaï,Thailand,Bangkok,Thaïlande,Baht (THB),Asie du Sud-Est,
Asie,https://fr.wikipedia.org/wiki/Timor_oriental ; https://www.diplomatie.gouv.fr/fr/information-par-pays/timor-oriental/presentation-du-timor-oriental,14874,UTC+9,TL,TLS,"Tetum, Portugais",East Timor,Dili,Timor oriental,Dollar américain (USD),Asie du Sud-Est,
Afrique,https://fr.wikipedia.org/wiki/Togo ; https://www.diplomatie.gouv.fr/fr/information-par-pays/togo/presentation-du-togo,56785,UTC+0,TG,TGO,Français,Togo,Lomé,Togo,Franc CFA (XOF),Afrique de l'Ouest,
Océanie,https://fr.wikipedia.org/wiki/Tonga ; https://www.diplomatie.gouv.fr/fr/information-par-pays/tonga/presentation-des-tonga,747,UTC+13,TO,TON,"Tongien, Anglais",Tonga,Nuku'alofa,Tonga,Pa'anga (TOP),Polynésie (Pacifique),
Amérique,https://fr.wikipedia.org/wiki/Trinit%C3%A9-et-Tobago ; https://www.routard.com/fr/guide/a/carte-d-identite/ameriques/trinite-et-tobago,5128,UTC-4,TT,TTO,Anglais,Trinidad and Tobago,Port-d'Espagne,Trinité-et-Tobago,Dollar de Trinité-et-Tobago (TTD),Caraïbes,
Afrique,https://fr.wikipedia.org/wiki/Tunisie ; https://www.diplomatie.gouv.fr/fr/information-par-pays/tunisie/presentation-de-la-tunisie,163610,UTC+1,TN,TUN,Arabe,Tunisia,Tunis,Tunisie,Dinar tunisien (TND),Afrique du Nord,
Asie,https://fr.wikipedia.org/wiki/Turkm%C3%A9nistan ; https://www.diplomatie.gouv.fr/fr/information-par-pays/turkmenistan/presentation-du-turkmenistan,488100,UTC+5,TM,TKM,Turkmène,Turkmenistan,Achgabat,Turkménistan,Manat turkmène (TMT),Asie centrale,
Europe/Asie,https://fr.wikipedia.org/wiki/Turquie ; https://www.diplomatie.gouv.fr/fr/information-par-pays/turquie/presentation-de-la-turquie,783562,UTC+3,TR,TUR,Turc,Turkey,Ankara,Turquie,Livre turque (TRY),Eurasie (Moyen-Orient),
Océanie,https://fr.wikipedia.org/wiki/Tuvalu ; https://www.diplomatie.gouv.fr/fr/information-par-pays/tuvalu/presentation-de-tuvalu,26,UTC+12,TV,TUV,"Tuvaluan, Anglais",Tuvalu,Funafuti,Tuvalu,Dollar tuvaluan / Dollar australien,Polynésie (Pacifique),
Asie,https://fr.wikipedia.org/wiki/Arabie_saoudite ; https://donnees.banquemondiale.org/pays/SA,2152000,UTC+3,SA,SAU,Arabe,Saudi Arabia,Riyad,Arabie saoudite,Riyal saoudien (SAR),Moyen-Orient,
Europe,https://fr.wikipedia.org/wiki/Ukraine ; https://www.diplomatie.gouv.fr/fr/information-par-pays/ukraine/presentation-de-l-ukraine,603550,UTC+2,UA,UKR,Ukrainien,Ukraine,Kiev,Ukraine,Hryvnia (UAH),Europe de l'Est,
Amérique,https://fr.wikipedia.org/wiki/Uruguay ; https://www.diplomatie.gouv.fr/fr/information-par-pays/uruguay/presentation-de-l-uruguay,176215,UTC-3,UY,URY,Espagnol,Uruguay,Montevideo,Uruguay,Peso uruguayen (UYU),Amérique du Sud,
Océanie,https://fr.wikipedia.org/wiki/Vanuatu ; https://www.diplomatie.gouv.fr/fr/information-par-pays/vanuatu/presentation-du-vanuatu,12189,UTC+11,VU,VUT,"Bichlamar, Anglais, Français",Vanuatu,Port-Vila,Vanuatu,Vatu (VUV),Mélanésie (Pacifique),
Europe,https://fr.wikipedia.org/wiki/Vatican,"0,44",UTC+1,VA,VAT,"Italien, Latin",Vatican City,Vatican,Vatican,Euro (EUR),Europe du Sud (enclave à Rome),
Amérique,https://fr.wikipedia.org/wiki/Venezuela ; https://www.diplomatie.gouv.fr/fr/information-par-pays/venezuela/presentation-du-venezuela,916445,UTC-4,VE,VEN,Espagnol,Venezuela,Caracas,Venezuela,Bolivar (VES),Amérique du Sud,
Asie,https://fr.wikipedia.org/wiki/Vi%C3%AAt_Nam ; https://www.diplomatie.gouv.fr/fr/information-par-pays/vietnam/presentation-du-vietnam,331212,UTC+7,VN,VNM,Vietnamien,Vietnam,Hanoi,Vietnam,Dong (VND),Asie du Sud-Est,
Asie,https://fr.wikipedia.org/wiki/Y%C3%A9men ; https://www.diplomatie.gouv.fr/fr/information-par-pays/yemen/presentation-du-yemen,527968,UTC+3,YE,YEM,Arabe,Yemen,Sanaa,Yémen,Rial yéménite (YER),Moyen-Orient,
Afrique,https://www.geograf.in/fr/table.php,752614,UTC+2,ZM,ZMB,Anglais,Zambia,Lusaka,Zambie,Kwacha zambien (ZMW),Afrique australe,
Afrique,https://fr.wikipedia.org/wiki/Zimbabwe ; https://www.diplomatie.gouv.fr/fr/information-par-pays/zimbabwe/presentation-du-zimbabwe,390580,UTC+2,ZW,ZWE,"Anglais, Shona, Ndebele",Zimbabwe,Harare,Zimbabwe,Dollar zimbabwéen (ZWL),Afrique australe,
Europe,https://kosovo.diplomatie.gouv.fr/fr/kosovo-donnees-generales ; https://fr.wikipedia.org/wiki/Kosovo,10887,UTC+1,XK,XKX,"Albanais, Serbe",Kosovo,Pristina,Kosovo,"Euro (EUR, usage non officiel UE)",Europe du Sud-Est (Balkans),
Océanie,https://fr.wikipedia.org/wiki/%C3%8Eles_Marshall ; https://www.diplomatie.gouv.fr/fr/information-par-pays/iles-marshall/presentation-des-iles-marshall,181,UTC+12,MH,MHL,"Marshallais, Anglais",Marshall Islands,Majuro,Îles Marshall,Dollar américain (USD),Micronésie (Pacifique),
Océanie,https://fr.countryeconomy.com/pays/iles-salomon ; https://www.diplomatie.gouv.fr/fr/information-par-pays/iles-salomon/presentation-des-iles-salomon,28900,UTC+11,SB,SLB,Anglais,Solomon Islands,Honiara,Îles Salomon,Dollar des Îles Salomon (SBD),Mélanésie (Pacifique),
Afrique,https://fr.wikipedia.org/wiki/C%C3%B4te_d%27Ivoire ; https://www.diplomatie.gouv.fr/fr/information-par-pays/cote-d-ivoire/presentation-de-la-cote-d-ivoire,322463,UTC+0,CI,CIV,Français,Ivory Coast (Côte d'Ivoire),"Yamoussoukro (politique), Abidjan (économique)",Côte d'Ivoire,Franc CFA (XOF),Afrique de l'Ouest,
Amérique,https://fr.wikipedia.org/wiki/Antigua-et-Barbuda ; https://www.diplomatie.gouv.fr/fr/information-par-pays/antigua-et-barbuda/presentation-d-antigua-et-barbuda,442,UTC-4,AG,ATG,Anglais,Antigua and Barbuda,Saint John's,Antigua-et-Barbuda,Dollar des Caraïbes orientales (XCD),Caraïbes,