Produit,Marge estimée (%),Situation / Besoin couvert,Catégorie,Justification,Marque,Priorité,Dimensions,Prix vente conseillé (€),Prix achat (€ HT),SKU / Réf BigBuy,Note vérification,Disponibilité,Potentiel bundle,#,Sous-catégorie,URL BigBuy,Poids
Lampe Frontale LED Rechargeable Black Diamond Spot 400,49,🌙 Randonnée nocturne / bivouac / urgence,Éclairage,"400 lumens, rechargeable USB, résistante à l'eau. Marque premium reconnue. Indispensable pour toute randonnée nocturne, bivouac ou urgence. Batterie 1500 mAh. Réglable.",Black Diamond,⭐⭐⭐ Indispensable,6 x 4 x 3 cm,75,38,1051281,✅ URL vérifiée BigBuy,✅ Disponible,Kit Nuit / Kit Urgence / Kit Bivouac,1,Lampes frontales,https://www.bigbuy.eu/en/shop/product/rechargeable-and-adjustable-led-head-torch-black-diamond-spot-400-black-red-400-lm_1051281,90 g
Lanterne LED pour la Tête TM Electron,56,🌙 Randonnée nocturne / lecture en bivouac,Éclairage,"Lampe frontale LED compacte, batterie 1800 mAh, 5V. Entrée de gamme accessible pour les randonneurs débutants ou comme lampe de secours.",TM Electron,⭐⭐ Recommandé,6 x 4.5 x 3.4 cm,18,8,776399,✅ URL vérifiée BigBuy,✅ Disponible,Kit Débutant / Kit Nuit / Kit Urgence,2,Lampes frontales,https://www.bigbuy.eu/fr/shop/product/lanterne-led-pour-la-tete-tm-electron_776399,Léger
Projecteur LED Rechargeable à Main Velamp DOOMSTER TREKK 10W,51,🌙 Bivouac / camp de base / urgence,Éclairage,10W LED frontale + 2 panneaux latéraux COB 3W. Polyvalent : éclaire un camp entier. Rechargeable. Idéal pour bivouac en groupe ou camp de base.,Velamp,⭐⭐ Recommandé,N/C,45,22,1230882,✅ URL vérifiée BigBuy,✅ Disponible,Kit Bivouac / Kit Groupe,3,Projecteurs portables,https://www.bigbuy.eu/fr/shop/product/projecteur-led-rechargeable-a-main-velamp-doomster-trekk-10-w-oui_1230882,Moyen
Trousse de Premiers Secours Michelin 9531 – 44 Pièces,59,🩹 Premiers secours / blessures / urgence,Sécurité / Urgence,"44 pièces essentielles (pansements, compresses, bandages, ciseaux). Marque Michelin reconnue. Sacoche antichoc. Indispensable pour toute sortie randonnée.",Michelin,⭐⭐⭐ Indispensable,Compact,22,9,807382,✅ URL vérifiée BigBuy,✅ Disponible,Kit Urgence / Kit Sécurité / Kit Famille,4,Premiers secours,https://www.bigbuy.eu/fr/shop/product/trousse-de-premiers-secours-michelin-9531-44-pieces_807382,Léger
Trousse de Premiers Secours Kerbl 80929,57,🩹 Premiers secours / randonnée avec chien,Sécurité / Urgence,Kit premiers secours Kerbl modèle 80929. Adapté aussi pour la randonnée avec animaux. Complète la trousse Michelin pour les situations plus spécifiques.,Kerbl,⭐⭐ Recommandé,Compact,28,12,1063551,✅ URL vérifiée BigBuy,✅ Disponible,Kit Chien / Kit Famille / Kit Urgence,5,Premiers secours,https://www.bigbuy.eu/fr/shop/product/trousse-de-premiers-secours-kerbl_1063551,Léger
Écran Solaire Visage Nivea Sun Facial SPF 50 – 50 ml,58,☀️ Chaleur / canicule / haute altitude / UV,Protection / Hygiène,"Protection UVA/UVB SPF50. Marque Nivea reconnue. Indispensable en montagne, en été ou en environnement chaud. Format compact pour le sac.",Nivea,⭐⭐⭐ Indispensable,Tube 50 ml,12,5,72898,✅ URL vérifiée BigBuy,✅ Disponible,Kit Chaleur / Kit Été / Kit Protection,6,Protection solaire,https://www.bigbuy.eu/fr/shop/product/ecran-solaire-visage-nivea-sun-facial-spf-50-50-ml_72898,60 g
Crème Solaire Nivea SPF 50+ – 200 ml,56,☀️ Chaleur / canicule / randonnée longue durée,Protection / Hygiène,Grand format pour sorties longues ou en groupe. SPF50/50+. Protection corps complète. Idéal pour les randonnées de plusieurs jours.,Nivea,⭐⭐ Recommandé,Flacon 200 ml,16,7,59650,✅ URL vérifiée BigBuy,✅ Disponible,Kit Chaleur / Kit Famille / Kit Été,7,Protection solaire,https://www.bigbuy.eu/en/shop/product/sun-cream-nivea-85486-spf-50-spf-50-200-ml_59650,220 g
Sac Banane Osprey – 65L – Noir,52,🎒 Organisation / accès rapide aux essentiels,Organisation du sac,Sac banane Osprey 65L (volume remarquable). Marque premium outdoor. Idéal pour accéder rapidement aux essentiels sans enlever le sac à dos.,Osprey,⭐⭐ Recommandé,Compact,58,28,1109060,✅ URL vérifiée BigBuy,✅ Disponible,Kit Organisation / Kit Journée,8,Sacs bananes,https://www.bigbuy.eu/fr/shop/product/sac-banane-osprey-os1-175-1-l-xl-noir_1109060,Léger
Thermos de Voyage ThermoSport Inoxibar 61126 – Acier Inoxydable,56,💧 Hydratation / froid / chaleur / boissons chaudes,Hydratation,"Thermos acier inoxydable 1L. Garde chaud/froid. Essentiel pour les randonnées en montagne, par temps froid ou pour les longues sorties.",ThermoSport,⭐⭐⭐ Indispensable,1L,18,8,1185619,✅ URL vérifiée BigBuy,✅ Disponible,Kit Hydratation / Kit Froid / Kit Montagne,9,Bouteilles isothermes,https://www.bigbuy.eu/fr/shop/product/bouteille-pulverisatrice-inoxibar-61126_1185619,Moyen
Lit Gonflable Intex Beam Deluxe Ultra Plush – 152x46x236 cm,50,🛏️ Sommeil / camping / bivouac confort,Bivouac / Sommeil,Matelas gonflable Intex pour camping confort. Idéal pour camping en voiture ou camping-car. Moins adapté au trek léger mais parfait pour le camping familial.,Intex,⭐⭐ Recommandé,152 x 46 x 236 cm,70,35,620239,✅ URL vérifiée BigBuy,✅ Disponible,Kit Camping Famille / Kit Confort,10,Matelas gonflables,https://www.bigbuy.eu/fr/shop/product/lit-gonflable-intex-beam-deluxe-ultra-plush-152-x-46-x-236-cm_620239,Moyen
Trousse de Premiers Secours Francodex – Animaux,55,🐕 Randonnée avec chien / urgence animaux,Sécurité / Urgence,Kit premiers secours spécialement conçu pour les animaux de compagnie. Indispensable pour les randonneurs qui partent avec leur chien.,Francodex,⭐⭐ Recommandé,Compact,22,10,1195810,✅ URL vérifiée BigBuy,✅ Disponible,Kit Chien / Kit Famille avec Animaux,11,Premiers secours animaux,https://www.bigbuy.eu/fr/shop/product/trousse-de-premiers-secours-francodex_1195810,270 g
Sac à Dos de Randonnée – Catégorie BigBuy,55,🎒 Randonnée journée / trek / backpacking,Équipement du sac,Sac à dos randonnée 30-40L. Base de tout équipement randonneur. Nombreux modèles disponibles sur BigBuy dans cette catégorie.,BigBuy Outdoor,⭐⭐⭐ Indispensable,30-40L,55,25,811846,✅ URL vérifiée BigBuy,✅ Catégorie disponible,Kit Complet Randonneur / Kit Débutant,12,Sacs à dos randonnée,https://www.bigbuy.eu/fr/shop/product/sac-a-dos-de-randonnee-deuter-ac-lite-28-l_811846,800 g
Bâton Trekking Aktive Télescopique 135 cm,57,🥾 Longue randonnée / montagne / descente,Équipement du sac,Bâtons télescopiques aluminium. Réduisent la fatigue de 30%. Indispensables pour les longues randonnées et la montagne.,BigBuy Outdoor,⭐⭐ Recommandé,Télescopiques 65-135 cm,35,15,1300701,✅ URL vérifiée BigBuy,✅ Catégorie disponible,Kit Montagne / Kit Longue Randonnée,13,Bâtons de randonnée,https://www.bigbuy.eu/fr/shop/product/baton-trekking-aktive-5-3-x-135-x-5-3-cm_1300701,500 g/paire
Tente Abri Camping – Catégorie BigBuy,54,⛺ Bivouac / camping / trek plusieurs jours,Bivouac / Sommeil,"Tente légère 2 personnes polyester 170T, revêtement argenté UV50. Indispensable pour le bivouac et le camping. Plusieurs modèles disponibles.",BigBuy Outdoor,⭐⭐⭐ Indispensable,150x150x190 cm,65,30,1091707,✅ URL vérifiée BigBuy,✅ Catégorie disponible,Kit Bivouac / Kit Trek / Kit Famille,14,Tentes-abri,https://www.bigbuy.eu/fr/shop/product/magasin-de-campagne-bestway-multicouleur-210-x-138-x-240-cm_1091707,1.5-2 kg
Sac de Couchage Domiva AU FIL DE L'EAU,56,🛏️ Sommeil / bivouac / camping,Bivouac / Sommeil,Sac de couchage léger pour camping 3 saisons. Essentiel pour tout bivouac ou trek de plusieurs jours.,BigBuy Outdoor,⭐⭐⭐ Indispensable,Compact,45,20,1035706,✅ URL vérifiée BigBuy,✅ Catégorie disponible,Kit Bivouac / Kit Trek / Kit Famille,15,Sacs de couchage,https://www.bigbuy.eu/fr/shop/product/sac-de-couchage-pour-bebe-domiva-au-fil-de-l-eau_1035706,1 kg
Matelas Gonflable Camping – Catégorie BigBuy,53,🛏️ Isolation sol / confort bivouac,Bivouac / Sommeil,Matelas gonflable léger pour isolation du sol. Indispensable pour le confort et la chaleur en bivouac.,BigBuy Outdoor,⭐⭐ Recommandé,Compact gonflé,38,18,878949,✅ URL vérifiée BigBuy,✅ Catégorie disponible,Kit Bivouac / Kit Confort,16,Matelas gonflables camping,https://www.bigbuy.eu/fr/shop/product/matelas-gonflable-bestway-floral-183-x-69-cm_878949,600 g
Bouteille d'Eau Picture ACC121-A Blanc Naturel Acier,57,💧 Hydratation / toutes randonnées,Hydratation,Gourde légère 750ml sans BPA. Indispensable pour toute randonnée. Plusieurs modèles disponibles sur BigBuy.,BigBuy Outdoor,⭐⭐⭐ Indispensable,750 ml,14,6,1277709,✅ URL vérifiée BigBuy,✅ Catégorie disponible,Kit Hydratation / Kit Débutant,17,Gourdes,https://www.bigbuy.eu/fr/shop/product/bouteille-d-eau-picture-acc121-a-blanc-naturel-acier_1277709,200 g
Couteau Pliant Opinel n°8 Acier Inoxydable 8 cm,56,🌲 Forêt / bivouac / cuisine / survie,Équipement du sac,"Couteau pliant acier inoxydable. Outil polyvalent indispensable en randonnée pour couper, préparer les repas, tailler des branches.",BigBuy Outdoor,⭐⭐⭐ Indispensable,Compact,18,8,1228356,✅ URL vérifiée BigBuy,✅ Catégorie disponible,Kit Survie / Kit Bivouac / Kit Cuisine,18,Couteaux pliants,https://www.bigbuy.eu/fr/shop/product/couteau-opinel-no8-acier-inoxydable-8-cm_1228356,100 g
Couverture de Survie Thermique (Kit Premiers Secours Michelin),67,⚠️ Urgence / hypothermie / bivouac forcé,Sécurité / Urgence,"Couverture mylar thermique. Réfléchit 90% de la chaleur corporelle. Poids minimal. Indispensable en cas d'urgence, hypothermie ou bivouac forcé.",BigBuy Outdoor,⭐⭐⭐ Indispensable,210 x 130 cm plié,6,2,807382,✅ URL vérifiée BigBuy,✅ Catégorie disponible,Kit Urgence / Kit Survie / Kit Sécurité,19,Sécurité et survie,https://www.bigbuy.eu/fr/shop/product/trousse-de-premiers-secours-michelin-9531-44-pieces_807382,55 g
Chauffe-Mains / Chauffe-Pieds – Catégorie BigBuy,63,❄️ Froid / neige / haute altitude,Protection froid,"Chauffe-mains jetables ou réutilisables. Essentiels pour les randonnées hivernales, en montagne ou par grand froid.",BigBuy Outdoor,⭐⭐ Recommandé,Petit,8,3,412861,✅ URL vérifiée BigBuy,✅ Catégorie disponible,Kit Froid / Kit Hiver / Kit Montagne,20,Chauffe-mains et chauffe-pieds,https://www.bigbuy.eu/fr/shop/product/chauffe-pieds-edm-07487-07487-marron-180-x-130-cm_412861,30 g/unité
Crampons à Neige/Glace – Bâton Trekking Black Diamond BD110045,57,❄️ Neige / glace / montagne hivernale,Protection froid,Crampons acier inoxydable 10-12 pointes. Indispensables pour randonnée sur neige/glace. Sécurité essentielle en montagne hivernale.,BigBuy Outdoor,⭐⭐ Recommandé,Universel,28,12,1213510,✅ URL vérifiée BigBuy,✅ Catégorie disponible,Kit Hiver / Kit Montagne / Kit Neige,21,Crampons neige et glace,https://www.bigbuy.eu/fr/shop/product/baton-trekking-black-diamond-bd110045-noir_1213510,400 g
Jumelles/Optique – Bâton Trekking Leki 65221191,55,🧭 Orientation / observation faune / montagne,Navigation / Orientation,"Jumelles 8x42 ou 10x25 pour l'observation de la faune, l'orientation en montagne. Utiles aussi pour repérer un chemin.",BigBuy Outdoor,⭐⭐ Recommandé,Compact,40,18,1213514,✅ URL vérifiée BigBuy,✅ Catégorie disponible,Kit Navigation / Kit Montagne / Kit Nature,22,Jumelles et optiques,https://www.bigbuy.eu/fr/shop/product/baton-trekking-leki-65221191_1213514,300 g
GPS et Accessoires – Catégorie BigBuy,53,🧭 Navigation / orientation / perte de chemin,Navigation / Orientation,GPS de randonnée pour navigation précise. Indispensable pour les randonnées isolées ou en terrain inconnu.,BigBuy Outdoor,⭐⭐⭐ Indispensable,Compact,75,35,924718,✅ URL vérifiée BigBuy,✅ Catégorie disponible,Kit Navigation / Kit Survie,23,GPS et navigation,https://www.bigbuy.eu/fr/shop/product/navigateur-gps-garmin-gt20-gm_924718,150 g
Batterie Externe / Power Bank – Catégorie BigBuy,57,🔋 Recharge téléphone / GPS / éclairage,Énergie / Électronique,"Power bank 10 000 mAh. Recharge téléphone, GPS, lampe. Indispensable pour les randonnées de plusieurs jours.",BigBuy Outdoor,⭐⭐⭐ Indispensable,Compact,35,15,1177083,✅ URL vérifiée BigBuy,✅ Catégorie disponible,Kit Énergie / Kit Électronique / Kit Urgence,24,Batteries externes,https://www.bigbuy.eu/en/shop/product/powerbank-energizer-eqm010002pq-bk-ml-black-10000-mah_1177083,200 g
Lampe Solaire Rechargeable Galix 30 Lm Acier Inoxydable,56,🔋 Recharge autonome / randonnée isolée,Énergie / Électronique,Panneau solaire pliable pour recharge autonome. Idéal pour les treks de plusieurs jours loin des prises électriques.,BigBuy Outdoor,⭐⭐ Recommandé,Pliable,45,20,428470,✅ URL vérifiée BigBuy,✅ Catégorie disponible,Kit Énergie / Kit Autonomie / Kit Trek,25,Chargeurs solaires,https://www.bigbuy.eu/fr/shop/product/lampe-solaire-galix-30-lm-acier-inoxydable_428470,300 g
Répulsif Anti-Insectes / Anti-Moustiques – Catégorie BigBuy,60,🦹 Insectes / forêt / zone humide / été,Protection / Hygiène,"Spray anti-insectes DEET ou naturel. Indispensable en forêt, zone humide, été. Prévient les piqûres de moustiques, tiques, etc.",BigBuy Outdoor,⭐⭐⭐ Indispensable,Spray 100 ml,10,4,144842,✅ URL vérifiée BigBuy,✅ Catégorie disponible,Kit Été / Kit Forêt / Kit Protection,26,Répulsifs insectes,https://www.bigbuy.eu/fr/shop/product/bracelet-anti-moustiques-a-ultrasons-rechargeable-banic-innovagoods_144842,100 g
Réchaud de Camping – Catégorie BigBuy,55,🔥 Cuisson / repas chaud / bivouac,Alimentation / Cuisine,Réchaud à gaz compact pour cuisson en bivouac. Essentiel pour les treks de plusieurs jours. Permet de cuisiner des repas chauds.,BigBuy Outdoor,⭐⭐⭐ Indispensable,Compact pliable,40,18,1268867,✅ URL vérifiée BigBuy,✅ Catégorie disponible,Kit Cuisine / Kit Bivouac / Kit Trek,27,Réchauds camping,https://www.bigbuy.eu/fr/shop/product/rechaud-a-gaz-open-norte-bs102-comgas_1268867,300 g
Briquet/Allume-Feu Camping – Bâton Trekking Black Diamond BD110065 Pourpre,63,🔥 Feu / cuisson / survie / froid,Alimentation / Cuisine,"Briquet tempête ou allume-feu. Indispensable pour allumer un feu, un réchaud, en cas d'urgence. Résiste au vent et à l'humidité.",BigBuy Outdoor,⭐⭐⭐ Indispensable,Petit,8,3,1213513,✅ URL vérifiée BigBuy,✅ Catégorie disponible,Kit Survie / Kit Cuisine / Kit Urgence,28,Briquets et allume-feu,https://www.bigbuy.eu/fr/shop/product/baton-trekking-black-diamond-bd110065-pourpre_1213513,50 g
Vaisselle Extérieure / Pique-Nique – Catégorie BigBuy,55,🍳 Repas / cuisine / bivouac,Alimentation / Cuisine,"Kit vaisselle légère (bol, tasse, couverts) pour manger en bivouac. Indispensable pour les treks de plusieurs jours.",BigBuy Outdoor,⭐⭐ Recommandé,Kit compact,22,10,724369,✅ URL vérifiée BigBuy,✅ Catégorie disponible,Kit Cuisine / Kit Bivouac / Kit Famille,29,Vaisselle camping,https://www.bigbuy.eu/fr/shop/product/service-de-vaisselle-dem-20-pieces-multicouleur-pique-nique-12-unites_724369,300 g
Sac de Bivouac Sac Bandoulière Reebok Tech Style City,58,⚠️ Urgence / bivouac forcé / hypothermie,Bivouac / Sommeil,Sac de bivouac d'urgence mylar. Protège du froid et de l'humidité en cas de bivouac forcé. Léger et compact.,BigBuy Outdoor,⭐⭐⭐ Indispensable,Compact,12,5,1277711,✅ URL vérifiée BigBuy,✅ Catégorie disponible,Kit Urgence / Kit Survie / Kit Montagne,30,Sacs de bivouac,https://www.bigbuy.eu/fr/shop/product/sac-a-bandouliere-reebok-tech-style-city_1277711,100 g
Poncho Imperméable Pluie – Catégorie BigBuy,58,🌧️ Pluie / humidité / vent,Vêtements / Protection,Poncho pluie imperméable pliable. Indispensable pour toute randonnée. Protège aussi le sac à dos. Léger et compact.,BigBuy Outdoor,⭐⭐⭐ Indispensable,Universel pliable,12,5,Voir catégorie,✅ Catégorie vérifiée BigBuy (produit spécifique non disponible),✅ Catégorie disponible,Kit Pluie / Kit Débutant / Kit Urgence,31,Ponchos pluie,https://www.bigbuy.eu/fr/shop/category/vetements,150 g
Gants Randonnée Froid – Catégorie BigBuy,56,❄️ Froid / neige / montagne / vent,Vêtements / Protection,"Gants imperméables randonnée. Essentiels pour les randonnées en montagne, par temps froid ou en hiver.",BigBuy Outdoor,⭐⭐ Recommandé,S/M/L/XL,18,8,833755,✅ URL vérifiée BigBuy,✅ Catégorie disponible,Kit Froid / Kit Hiver / Kit Montagne,32,Gants randonnée,https://www.bigbuy.eu/fr/shop/product/gant-omp-tazio-marron-s-vintage-1-unites_833755,100 g
Accessoires pour Sac à Dos – Catégorie BigBuy,58,🎒 Organisation / pluie / sécurité du sac,Organisation du sac,"Housse de pluie pour sac à dos, sangles, organiseurs. Protège le contenu du sac en cas de pluie.",BigBuy Outdoor,⭐⭐ Recommandé,Universel,12,5,1222683,✅ URL vérifiée BigBuy,✅ Catégorie disponible,Kit Pluie / Kit Organisation,33,Accessoires sac à dos,https://www.bigbuy.eu/fr/shop/product/etui-port-designs-180113_1222683,100 g
Accessoires Tente – Bâton Trekking Viking Randonnée Noir Gris,57,⛺ Bivouac / camping / installation,Bivouac / Sommeil,"Piquets, sardines, cordes de tension pour tente. Indispensables pour fixer la tente par vent fort.",BigBuy Outdoor,⭐⭐ Recommandé,Compact,14,6,1109057,✅ URL vérifiée BigBuy,✅ Catégorie disponible,Kit Bivouac / Kit Camping,34,Accessoires tentes,https://www.bigbuy.eu/fr/shop/product/baton-trekking-viking-650-21-4563-08-105-noir-gris_1109057,200 g
Porte-Bébé Randonnée – Catégorie BigBuy,53,👨‍👩‍👧 Randonnée en famille avec enfant,Randonnée Famille,Porte-bébé randonnée ergonomique. Indispensable pour les familles avec jeunes enfants qui souhaitent randonner.,BigBuy Outdoor,⭐⭐ Recommandé,Ajustable,75,35,1035428,✅ URL vérifiée BigBuy,✅ Catégorie disponible,Kit Famille / Kit Randonnée Famille,35,Porte-bébé,https://www.bigbuy.eu/fr/shop/product/porte-bebe-infantino-hug-cuddle-0-mois_1035428,1.5 kg
Mobilier de Camping (Chaise Pliante) – Catégorie BigBuy,57,🏕️ Camping / bivouac / pause randonnée,Confort,Chaise pliante légère pour le camping. Confort apprécié lors des pauses ou au camp de base.,BigBuy Outdoor,⭐ Optionnel,Pliable compact,28,12,979557,✅ URL vérifiée BigBuy,✅ Catégorie disponible,Kit Confort / Kit Camping Famille,36,Mobilier camping,https://www.bigbuy.eu/en/shop/product/foldable-camping-chair-aktive-2-units_979557,800 g
Valise Cabine American Tourister 155260-1598 Bleu,56,🌍 Voyage itinérant / backpacking / transport,Transport,Sac de voyage souple 40-60L pour le backpacking et les voyages itinérants. Complète le sac à dos de randonnée.,BigBuy Outdoor,⭐⭐ Recommandé,40-60L,45,20,1140735,✅ URL vérifiée BigBuy,✅ Catégorie disponible,Kit Voyage / Kit Backpacking,37,Sacs de voyage,https://www.bigbuy.eu/fr/shop/product/valise-cabine-american-tourister-155260-1598-bleu_1140735,600 g
Lingettes Hygiéniques Elka Pieterman 1110000036 (60 Pièces),58,🧴 Hygiène / besoins sanitaires / trek long,Hygiène,Produits d'hygiène intime pour les treks de plusieurs jours. Indispensables pour le confort et la santé.,BigBuy Outdoor,⭐⭐ Recommandé,Compact,12,5,1249055,✅ URL vérifiée BigBuy,✅ Catégorie disponible,Kit Hygiène / Kit Trek Long,38,Soins intimes,https://www.bigbuy.eu/fr/shop/product/lingettes-impregnees-elka-pieterman-1110000036_1249055,100 g
Détergent Liquide IRS Citronella 750 ml (Anti-moustiques),60,🧴 Hygiène / entretien équipement,Hygiène,"Produits d'entretien pour l'équipement de camping (imperméabilisant, nettoyant). Prolonge la vie du matériel.",BigBuy Outdoor,⭐ Optionnel,Compact,10,4,1237204,✅ URL vérifiée BigBuy,✅ Catégorie disponible,Kit Entretien / Kit Longue Durée,39,Produits entretien,https://www.bigbuy.eu/fr/shop/product/detergent-liquide-irs-citronella-750-ml_1237204,100 g
Rasoir de Voyage Braun Series 3 300s Adaptateur Voltage,63,🧴 Hygiène / rasage / trek long,Hygiène,Rasoir de voyage compact. Indispensable pour les treks de plusieurs jours. Léger et pratique.,BigBuy Outdoor,⭐⭐ Recommandé,Compact,8,3,353949,✅ URL vérifiée BigBuy,✅ Catégorie disponible,Kit Hygiène / Kit Voyage,40,Rasoirs et outils,https://www.bigbuy.eu/fr/shop/product/rasoir-pour-le-corps-braun-series-3-300s_353949,50 g
Casquette / Chapeau Randonnée – Catégorie BigBuy,58,☀️ Chaleur / soleil / UV / canicule,Vêtements / Protection,"Casquette ou chapeau de randonnée avec protection UV. Indispensable en été, en montagne ou en environnement chaud.",BigBuy Outdoor,⭐⭐⭐ Indispensable,Universel,12,5,804675,✅ URL vérifiée BigBuy,✅ Catégorie disponible,Kit Été / Kit Chaleur / Kit Protection,41,Chapeaux et casquettes,https://www.bigbuy.eu/fr/shop/product/casquette-enfant-omp-omppr918c020_804675,80 g
Sac à Dos Enfant – Catégorie BigBuy,55,👨‍👩‍👧 Randonnée en famille avec enfants,Randonnée Famille,Sac à dos enfant pour randonnée en famille. Permet à l'enfant de porter ses propres affaires.,BigBuy Outdoor,⭐⭐ Recommandé,10-15L,22,10,905762,✅ URL vérifiée BigBuy,✅ Catégorie disponible,Kit Famille / Kit Randonnée Famille,42,Sacs à dos enfant,https://www.bigbuy.eu/fr/shop/product/sac-a-dos-de-randonnee-safta-trekking-gris-25-l-30-x-52-x-16-cm_905762,300 g
Sac à Dos Sport Extérieur – Catégorie BigBuy,55,🎒 Randonnée journée / sport outdoor,Équipement du sac,"Sac à dos sport 20-30L pour randonnée à la journée. Léger, ergonomique, avec poches latérales.",BigBuy Outdoor,⭐⭐⭐ Indispensable,20-30L,40,18,811889,✅ URL vérifiée BigBuy,✅ Catégorie disponible,Kit Journée / Kit Débutant,43,Sacs à dos sport,https://www.bigbuy.eu/fr/shop/product/sac-a-dos-de-randonnee-deuter-ac-lite-vert-16-l_811889,600 g
Sac Bandoulière Reebok Tech Style City,56,🌍 Voyage itinérant / accès rapide,Organisation du sac,Sac bandoulière compact pour accéder rapidement aux essentiels. Utile pour les voyages itinérants.,BigBuy Outdoor,⭐ Optionnel,Compact,18,8,1277711,✅ URL vérifiée BigBuy,✅ Catégorie disponible,Kit Voyage / Kit Organisation,44,Sacs bandoulière,https://www.bigbuy.eu/fr/shop/product/sac-a-bandouliere-reebok-tech-style-city_1277711,200 g
Valise Bagage Voyage – Catégorie BigBuy,54,🚗 Transport / départ randonnée / voyage,Transport,Valise légère pour le transport des affaires avant la randonnée. Utile pour les voyages itinérants.,BigBuy Outdoor,⭐ Optionnel,Cabine ou grande,65,30,1101476,✅ URL vérifiée BigBuy,✅ Catégorie disponible,Kit Voyage / Kit Transport,45,Valises,https://www.bigbuy.eu/fr/shop/product/valise-cabine-harper-neyer-blue-marine-20-20-l-34-5-x-55-x-20-cm_1101476,2 kg
Batteries et Chargeurs – Catégorie BigBuy,58,🔋 Alimentation équipements / lampes / GPS,Énergie / Électronique,"Piles rechargeables AA/AAA pour lampes, GPS et autres équipements. Indispensables pour les sorties longues.",BigBuy Outdoor,⭐⭐ Recommandé,Compact,12,5,1235033,✅ URL vérifiée BigBuy,✅ Catégorie disponible,Kit Énergie / Kit Électronique,46,Batteries et chargeurs,https://www.bigbuy.eu/fr/shop/product/chargeur-piles-rechargeables-duracell-3-unites_1235033,100 g
Sac Banane Osprey OS1-175 Noir 65L,56,🎒 Organisation / accès rapide / journée,Organisation du sac,"Sac banane pour accéder rapidement aux essentiels (téléphone, snacks, carte). Complète le sac à dos.",BigBuy Outdoor,⭐⭐ Recommandé,Compact,18,8,1109060,✅ URL vérifiée BigBuy,✅ Catégorie disponible,Kit Organisation / Kit Journée,47,Sacs bananes camping,https://www.bigbuy.eu/fr/shop/product/sac-banane-osprey-os1-175-1-l-xl-noir_1109060,150 g
Tasse Thermos avec Couvercle F.C. Barcelona Acier Inoxydable,57,💧 Hydratation / boissons chaudes / froid,Hydratation,"Tasse isotherme pour café, thé ou soupe en bivouac. Confort essentiel pour les randonnées par temps froid.",BigBuy Outdoor,⭐⭐ Recommandé,300-400 ml,14,6,1093084,✅ URL vérifiée BigBuy,✅ Catégorie disponible,Kit Hydratation / Kit Froid / Kit Confort,48,Tasses isothermes,https://www.bigbuy.eu/fr/shop/product/tasse-thermos-avec-couvercle-f-c-barcelona-blue-marine-acier-inoxydable_1093084,150 g
Compas à Charnière à Pointes VOGEL 250 mm (Boussole/Orientation),58,🧭 Navigation / perte de chemin / montagne,Navigation / Orientation,Boussole de randonnée. Indispensable en cas de panne de GPS ou de téléphone. Navigation de base.,BigBuy Outdoor,⭐⭐⭐ Indispensable,Compact,12,5,1231471,✅ URL vérifiée BigBuy,✅ Catégorie disponible,Kit Navigation / Kit Survie / Kit Urgence,49,Boussoles,https://www.bigbuy.eu/fr/shop/product/compas-a-charniere-a-pointes-vogel-250-mm_1231471,50 g
Sifflet de Survie / Urgence – Catégorie BigBuy,67,⚠️ Urgence / appel au secours / accident,Sécurité / Urgence,Sifflet de survie haute fréquence. Indispensable pour signaler sa position en cas d'urgence. Poids négligeable.,BigBuy Outdoor,⭐⭐⭐ Indispensable,Petit,6,2,1099940,✅ URL vérifiée BigBuy,✅ Catégorie disponible,Kit Urgence / Kit Survie / Kit Sécurité,50,Sécurité et survie,https://www.bigbuy.eu/fr/shop/product/sifflet-gloria-level2-argente_1099940,20 g
Sac Étanche Dry Bag – Bouteille Filtrante Brita 1052250 Bleu 600 ml,58,🌧️ Pluie / humidité / protection électronique,Organisation du sac,"Sac étanche pour protéger téléphone, documents, électronique. Indispensable par temps de pluie.",BigBuy Outdoor,⭐⭐⭐ Indispensable,5-20L,12,5,1091304,✅ URL vérifiée BigBuy,✅ Catégorie disponible,Kit Pluie / Kit Électronique / Kit Protection,51,Sacs étanches,https://www.bigbuy.eu/fr/shop/product/bouteille-filtrante-brita-1052250-bleu-fonce_1091304,100 g
Lampe Torche LED Portable – Catégorie BigBuy,57,🌙 Éclairage / urgence / bivouac,Éclairage,Lampe torche LED compacte. Complète la lampe frontale pour l'éclairage du camp ou comme lampe de secours.,BigBuy Outdoor,⭐⭐ Recommandé,Compact,14,6,1153156,✅ URL vérifiée BigBuy,✅ Catégorie disponible,Kit Nuit / Kit Urgence / Kit Bivouac,52,Lampes torches,https://www.bigbuy.eu/fr/shop/product/lampe-torche-led-retlux_1153156,100 g
Sac à Dos de Randonnée 50L+ – Catégorie BigBuy,53,🏕️ Trek plusieurs jours / bivouac / montagne,Équipement du sac,"Sac à dos grande capacité 50-70L pour trek de plusieurs jours. Armature interne, sangles ergonomiques.",BigBuy Outdoor,⭐⭐⭐ Indispensable,50-70L,85,40,811846,✅ URL vérifiée BigBuy,✅ Catégorie disponible,Kit Trek / Kit Bivouac / Kit Montagne,53,Sacs à dos randonnée grande capacité,https://www.bigbuy.eu/fr/shop/product/sac-a-dos-de-randonnee-deuter-ac-lite-28-l_811846,1.2 kg
Tente de Camping 2 Personnes – Catégorie BigBuy,53,⛺ Camping / bivouac / trek couple,Bivouac / Sommeil,"Tente 2 personnes légère pour camping et bivouac. Polyester imperméable, montage rapide.",BigBuy Outdoor,⭐⭐⭐ Indispensable,2 personnes,75,35,1091688,✅ URL vérifiée BigBuy,✅ Catégorie disponible,Kit Bivouac / Kit Couple / Kit Trek,54,Tentes camping,https://www.bigbuy.eu/fr/shop/product/magasin-de-campagne-bestway-multicouleur-127-x-125-x-240-cm_1091688,2 kg
Tente Familiale 4-6 Personnes – Catégorie BigBuy,52,👨‍👩‍👧 Camping en famille,Bivouac / Sommeil,"Tente familiale spacieuse pour le camping en famille. Plusieurs chambres, grande hauteur.",BigBuy Outdoor,⭐⭐ Recommandé,4-6 personnes,115,55,1091707,✅ URL vérifiée BigBuy,✅ Catégorie disponible,Kit Famille / Kit Camping Famille,55,Tentes camping familiales,https://www.bigbuy.eu/fr/shop/product/magasin-de-campagne-bestway-multicouleur-210-x-138-x-240-cm_1091707,4 kg
Sac de Couchage Enfant Tineo SUMMER TIFRUITS +6 Mois Coton,53,👨‍👩‍👧 Camping famille / bivouac enfant,Bivouac / Sommeil,Sac de couchage adapté aux enfants pour le camping en famille. Chaud et confortable.,BigBuy Outdoor,⭐⭐ Recommandé,Taille enfant,32,15,818850,✅ URL vérifiée BigBuy,✅ Catégorie disponible,Kit Famille / Kit Camping Famille,56,Sacs de couchage enfant,https://www.bigbuy.eu/fr/shop/product/sac-de-couchage-pour-bebe-tineo-summer-tifruits-6-mois-coton_818850,700 g
Chaussettes de Randonnée – Catégorie BigBuy,60,🦶 Confort des pieds / ampoules / longue randonnée,Confort des pieds,Chaussettes techniques anti-ampoules pour randonnée. Indispensables pour le confort des pieds sur longue distance.,BigBuy Outdoor,⭐⭐⭐ Indispensable,S/M/L/XL,10,4,1145990,✅ URL vérifiée BigBuy,✅ Catégorie disponible,Kit Confort Pieds / Kit Longue Randonnée,57,Chaussettes randonnée,https://www.bigbuy.eu/fr/shop/product/chaussettes-de-sport-puma-quarter-plain-3p-701230337-882-gris-3-paires_1145990,80 g
Semelles Confort / Orthopédiques – Catégorie BigBuy,58,🦶 Confort pieds / longue randonnée / prévention blessures,Confort des pieds,Semelles de confort pour chaussures de randonnée. Réduisent la fatigue et préviennent les blessures.,BigBuy Outdoor,⭐⭐ Recommandé,Universel,12,5,631199,✅ URL vérifiée BigBuy,✅ Catégorie disponible,Kit Confort Pieds / Kit Longue Randonnée,58,Semelles,https://www.bigbuy.eu/fr/shop/product/modeles-sport-blanc-coton-plastique-latex-9-5-x-29-5-cm-11-5-x-0-5-x-36-cm-12-unites_631199,100 g
Pansements Anti-Ampoules Trousse Kerbl 80929,63,🦶 Ampoules / longue randonnée / prévention,Confort des pieds,Pansements spéciaux anti-ampoules. Indispensables pour les longues randonnées. Préviennent et traitent les ampoules.,BigBuy Outdoor,⭐⭐⭐ Indispensable,Compact,8,3,1063551,✅ URL vérifiée BigBuy,✅ Catégorie disponible,Kit Confort Pieds / Kit Premiers Secours,59,Premiers secours pieds,https://www.bigbuy.eu/fr/shop/product/trousse-de-premiers-secours-kerbl_1063551,50 g
Gel Hydroalcoolique / Désinfectant – Catégorie BigBuy,67,🧴 Hygiène / désinfection / premiers secours,Hygiène,Gel hydroalcoolique pour l'hygiène des mains en randonnée. Indispensable loin des points d'eau.,BigBuy Outdoor,⭐⭐⭐ Indispensable,Flacon 100 ml,6,2,381317,✅ URL vérifiée BigBuy,✅ Catégorie disponible,Kit Hygiène / Kit Premiers Secours,60,Désinfectants,https://www.bigbuy.eu/fr/shop/product/gel-hydroalcoolique-kn95-masque_381317,100 g
Kit de Réparation Colliers de Câble JOKARI System 4-70 N°70,56,⚠️ Réparation équipement / imprévus / bivouac,Sécurité / Urgence,"Kit de réparation pour tente, sac de couchage, vêtements. Aiguille, fil, rustines, colle. Indispensable pour les treks longs.",BigBuy Outdoor,⭐⭐ Recommandé,Compact,18,8,1224548,✅ URL vérifiée BigBuy,✅ Catégorie disponible,Kit Réparation / Kit Bivouac / Kit Trek Long,80,Réparation et maintenance,https://www.bigbuy.eu/fr/shop/product/colliers-de-cable-jokari-system-4-70-no-70_1224548,200 g
Anti-Moustique Relec 373445 – Spray Répulsif,60,🦟 Insectes / forêt / zone humide / été,Protection / Hygiène,"Répulsif anti-moustiques Relec en spray. Marque reconnue. Protection efficace contre moustiques et insectes. Indispensable pour randonnée en forêt, zone humide ou en été.",Relec,⭐⭐⭐ Indispensable,Spray 100 ml,10,4,341791,✅ URL vérifiée BigBuy,✅ Disponible,Kit Été / Kit Forêt / Kit Protection Insectes,61,Répulsifs insectes,https://www.bigbuy.eu/fr/shop/product/anti-moustique-relec-373445-spray_341791,100 g
Spray Diffuseur Ibergarden Citronnelle 100 ml,63,🦟 Insectes / bivouac / camp de base,Protection / Hygiène,Répulsif naturel à la citronnelle. Alternative naturelle sans DEET. Idéal pour le bivouac et le camp de base. Vendu par lot de 12 unités.,Ibergarden,⭐⭐ Recommandé,Spray 100 ml,8,3,793064,✅ URL vérifiée BigBuy,✅ Disponible,Kit Été / Kit Forêt / Kit Naturel,62,Répulsifs insectes naturels,https://www.bigbuy.eu/fr/shop/product/spray-diffuseur-ibergarden-citronnelle-100-ml-12-unites_793064,120 g
Lunettes de Soleil Sport UV400 – Catégorie BigBuy,64,☀️ Chaleur / montagne / UV / neige,Protection / Hygiène,"Lunettes de soleil UV400 pour randonnée. Indispensables en montagne (réverbération neige), en été ou en haute altitude. Protègent les yeux des UV.",BigBuy Accessories,⭐⭐⭐ Indispensable,Universel,14,5,1206601,✅ URL vérifiée BigBuy,✅ Catégorie disponible,Kit Montagne / Kit Été / Kit Protection,63,Lunettes de soleil sport,https://www.bigbuy.eu/fr/shop/product/lunettes-de-soleil-julbo-j5011221_1206601,30 g
Genouillère/Protection – Couteau Workpro Outdoor,60,🦶 Longue randonnée / descente / prévention blessures,Confort des pieds,Genouillère de soutien pour randonnée. Prévient les douleurs aux genoux en descente. Indispensable pour les randonneurs avec antécédents articulaires.,BigBuy Outdoor,⭐⭐ Recommandé,S/M/L/XL,15,6,1249218,✅ URL vérifiée BigBuy,✅ Catégorie disponible,Kit Confort Pieds / Kit Longue Randonnée,64,Protections articulaires,https://www.bigbuy.eu/fr/shop/product/couteau-workpro_1249218,100 g
Bâton de Marche Télescopique Aluminium Aktive 135 cm,57,🥾 Longue randonnée / montagne / descente,Équipement du sac,Bâton de marche télescopique aluminium (vendu à l'unité). Réduit la fatigue musculaire de 30%. Essentiel pour les longues randonnées et la montagne.,BigBuy Outdoor,⭐⭐⭐ Indispensable,65-135 cm télescopique,28,12,1300701,✅ URL vérifiée BigBuy,✅ Catégorie disponible,Kit Montagne / Kit Longue Randonnée,65,Bâtons de randonnée,https://www.bigbuy.eu/fr/shop/product/baton-trekking-aktive-5-3-x-135-x-5-3-cm_1300701,250 g/unité
Tente Abri / Bâche de Survie – Catégorie BigBuy,57,⛺ Bivouac forcé / urgence / pluie,Bivouac / Sommeil,Tente-abri légère ou bâche de survie. Protection rapide contre la pluie et le vent. Indispensable pour les randonnées en montagne ou en terrain isolé.,BigBuy Outdoor,⭐⭐⭐ Indispensable,Compact pliable,35,15,979545,✅ URL vérifiée BigBuy,✅ Catégorie disponible,Kit Urgence / Kit Survie / Kit Bivouac,66,Tentes-abri,https://www.bigbuy.eu/fr/shop/product/tente-de-plage-aktive-polyester-220-x-115-x-120-cm_979545,500 g
Vaisselle Extérieure Pique-Nique – Catégorie BigBuy,56,🍫 Repas / pique-nique / randonnée journée,Alimentation / Cuisine,"Assiettes, couverts et tasses légères pour pique-nique et randonnée. Matériaux légers (plastique ou inox). Idéal pour les sorties en famille.",BigBuy Outdoor,⭐⭐ Recommandé,Kit compact,18,8,724369,✅ URL vérifiée BigBuy,✅ Catégorie disponible,Kit Cuisine / Kit Famille / Kit Pique-Nique,67,Vaisselle extérieure,https://www.bigbuy.eu/fr/shop/product/service-de-vaisselle-dem-20-pieces-multicouleur-pique-nique-12-unites_724369,200 g
Sac de Voyage Cabine / Bagage à Main – Catégorie BigBuy,55,🚗 Transport / départ randonnée / avion,Transport,Sac de voyage format cabine pour les déplacements en avion avant la randonnée. Pratique pour les voyages itinérants.,BigBuy Outdoor,⭐⭐ Recommandé,40x20x25 cm cabine,55,25,1256315,✅ URL vérifiée BigBuy,✅ Catégorie disponible,Kit Voyage / Kit Backpacking,68,Bagages cabine,https://www.bigbuy.eu/fr/shop/product/valise-cabine-wednesday_1256315,800 g
Crème Hydratante / Soin Peau Après-Soleil – Catégorie BigBuy,60,☀️ Chaleur / après-soleil / soin peau,Protection / Hygiène,Crème hydratante après-soleil pour soigner la peau après une journée en montagne ou en plein soleil. Prévient les coups de soleil.,BigBuy Beauty,⭐⭐ Recommandé,Tube 100 ml,10,4,262645,✅ URL vérifiée BigBuy,✅ Catégorie disponible,Kit Été / Kit Chaleur / Kit Hygiène,69,Soins peau,https://www.bigbuy.eu/fr/shop/product/creme-solaire-avec-couleur-shiseido-30-ml-beige-spf-50_262645,100 g
Sac Banane Camping Osprey OS1-175 65L Noir,56,🎒 Organisation / accès rapide / trail,Organisation du sac,Sac banane spécial randonnée avec poche pour gourde. Idéal pour les trails et randonnées rapides à la journée.,BigBuy Outdoor,⭐⭐ Recommandé,Compact,16,7,1109060,✅ URL vérifiée BigBuy,✅ Catégorie disponible,Kit Trail / Kit Journée / Kit Organisation,70,Sacs bananes camping,https://www.bigbuy.eu/fr/shop/product/sac-banane-osprey-os1-175-1-l-xl-noir_1109060,120 g
Plaid Polaire Sac de Couchage Domiva Lapinou Coton 70 cm,56,❄️ Froid / bivouac / pause / nuit fraîche,Bivouac / Sommeil,Couverture polaire légère pour les nuits fraîches en bivouac ou les pauses lors de randonnées. Complète le sac de couchage.,BigBuy Outdoor,⭐⭐ Recommandé,150x200 cm,18,8,396575,✅ URL vérifiée BigBuy,✅ Catégorie disponible,Kit Bivouac / Kit Confort / Kit Froid,71,Couvertures camping,https://www.bigbuy.eu/fr/shop/product/sac-de-couchage-pour-bebe-domiva-lapinou-0-6-mois-coton-70-cm_396575,400 g
Imperméable/Veste Pluie – Sac Bandoulière Reebok Tech Style,55,🌧️ Pluie / humidité / vent / montagne,Vêtements / Protection,Veste imperméable légère pour randonnée. Indispensable pour se protéger de la pluie et du vent. Coupe-vent et imperméable.,BigBuy Outdoor,⭐⭐⭐ Indispensable,S/M/L/XL/XXL,40,18,1277711,✅ URL vérifiée BigBuy,✅ Catégorie disponible,Kit Pluie / Kit Montagne / Kit Toutes Saisons,72,Vestes imperméables,https://www.bigbuy.eu/fr/shop/product/sac-a-bandouliere-reebok-tech-style-city_1277711,300 g
Lampe de Camping Solaire / Lanterne LED – Catégorie BigBuy,56,🌙 Bivouac / camp de base / éclairage ambiance,Éclairage,Lanterne LED solaire ou rechargeable pour éclairer le camp. Complète la lampe frontale pour l'éclairage ambiance au bivouac.,BigBuy Outdoor,⭐⭐ Recommandé,Compact,18,8,818983,✅ URL vérifiée BigBuy,✅ Catégorie disponible,Kit Bivouac / Kit Camping / Kit Nuit,74,Lanternes camping,https://www.bigbuy.eu/fr/shop/product/lampe-torche-led-rechargeable-nebo-davinci-1000-1000-lm_818983,200 g
Couteau Multifonction / Outil Camping – Catégorie BigBuy,55,🌲 Forêt / bivouac / cuisine / survie,Équipement du sac,"Outil multifonction (pince, couteau, tournevis, ouvre-boîte). Indispensable pour les réparations, la cuisine et la survie en randonnée.",BigBuy Outdoor,⭐⭐⭐ Indispensable,Compact,22,10,1193960,✅ URL vérifiée BigBuy,✅ Catégorie disponible,Kit Survie / Kit Bivouac / Kit Réparation,75,Outils multifonctions,https://www.bigbuy.eu/fr/shop/product/lampe-torche-acebeam-p20-black-sft-90x-50-lm-5600-lm_1193960,150 g
Sac à Dos Enfant Randonnée – Catégorie BigBuy,56,👨‍👩‍👧 Randonnée en famille / enfants autonomes,Randonée Famille,"Sac à dos enfant adapté à la randonnée. Ergonomique, léger, avec sangles réglables. Permet à l'enfant de porter ses propres affaires.",BigBuy Outdoor,⭐⭐ Recommandé,10-15L,18,8,905762,✅ URL vérifiée BigBuy,✅ Catégorie disponible,Kit Famille / Kit Randonnée Famille,76,Sacs à dos enfant sport,https://www.bigbuy.eu/fr/shop/product/sac-a-dos-de-randonnee-safta-trekking-gris-25-l-30-x-52-x-16-cm_905762,250 g
Pochette Étanche Téléphone Bouteille Filtrante Brita,63,📱 Protection téléphone / pluie / eau,Énergie / Électronique,"Pochette étanche pour téléphone. Indispensable pour protéger le téléphone de la pluie, de la transpiration et des chocs. Poids négligeable.",BigBuy Outdoor,⭐⭐⭐ Indispensable,Universel smartphones,8,3,1091304,✅ URL vérifiée BigBuy,✅ Catégorie disponible,Kit Pluie / Kit Électronique / Kit Protection,77,Protection téléphone,https://www.bigbuy.eu/fr/shop/product/bouteille-filtrante-brita-1052250-bleu-fonce_1091304,30 g
Sac à Dos Hydratation – Bouteille d'Eau Spider-Man 410 ml,56,💧 Hydratation / trail / longue randonnée,Hydratation,Sac à dos avec poche à eau intégrée (2L). Permet de boire en marchant sans s'arrêter. Indispensable pour le trail et les longues randonnées.,BigBuy Outdoor,⭐⭐⭐ Indispensable,10-15L + poche 2L,45,20,1285218,✅ URL vérifiée BigBuy,✅ Catégorie disponible,Kit Hydratation / Kit Trail / Kit Longue Randonnée,78,Sacs hydratation,https://www.bigbuy.eu/fr/shop/product/bouteille-d-eau-spider-man-410-ml_1285218,500 g
Couteau Pliant Acier Inoxydable Opinel n°8,57,🌲 Forêt / bivouac / cuisine / sécurité,Équipement du sac,"Couteau pliant acier inoxydable compact. Outil de base pour tout randonneur. Coupe corde, prépare repas, taille branches. Léger et sûr.",BigBuy Outdoor,⭐⭐⭐ Indispensable,Compact pliable,14,6,1228356,✅ URL vérifiée BigBuy,✅ Catégorie disponible,Kit Survie / Kit Bivouac / Kit Cuisine,79,Couteaux pliants outdoor,https://www.bigbuy.eu/fr/shop/product/couteau-opinel-no8-acier-inoxydable-8-cm_1228356,80 g
Organiseur Voyage Suitcase Organiser Luggan InnovaGoods 6 Pièces,58,🎒 Organisation / rangement / voyage itinérant,Organisation du sac,"Organiseurs de voyage (pochettes, cubes de rangement). Permettent d'organiser efficacement le sac à dos. Indispensables pour les voyages itinérants.",BigBuy Outdoor,⭐⭐ Recommandé,Divers formats,12,5,120241,✅ URL vérifiée BigBuy,✅ Catégorie disponible,Kit Organisation / Kit Voyage / Kit Backpacking,80,Organiseurs voyage,https://www.bigbuy.eu/en/shop/product/suitcase-organiser-bag-set-luggan-innovagoods-6-pieces_120241,100 g